year,immig_status,age,total_pop,medicaid,medicaid_rate
2010,Legal noncitizen,0,9574,5573,0.582097346981408
2010,Legal noncitizen,1,22777,11319,0.49694867629626377
2010,Legal noncitizen,2,26137,12280,0.469832038872097
2010,Legal noncitizen,3,30347,16617,0.5475664810360168
2010,Legal noncitizen,4,38166,20031,0.5248388618141802
2010,Legal noncitizen,5,39498,22398,0.5670666869208567
2010,Legal noncitizen,6,41966,25896,0.61707096220750135
2010,Legal noncitizen,7,51271,30828,0.601275574886388
2010,Legal noncitizen,8,58805,36019,0.6125159425218945
2010,Legal noncitizen,9,65676,44918,0.6839332480662647
2010,Legal noncitizen,10,71151,43272,0.6081713538811823
2010,Legal noncitizen,11,74348,49801,0.6698364448270296
2010,Legal noncitizen,12,83966,53255,0.634244813376843
2010,Legal noncitizen,13,80346,48840,0.6078709581061907
2010,Legal noncitizen,14,97736,61037,0.6245088810673651
2010,Legal noncitizen,15,91677,54545,0.5949692943704528
2010,Legal noncitizen,16,99261,59760,0.6020491431680116
2010,Legal noncitizen,17,92222,55061,0.5970484266227147
2010,Legal noncitizen,18,99148,56707,0.5719429539678057
2010,Legal noncitizen,19,92528,36594,0.3954910945875843
2010,Legal noncitizen,20,107231,33824,0.31543117195587095
2010,Legal noncitizen,21,117271,33025,0.28161267491536696
2010,Legal noncitizen,22,126776,33142,0.26142172019940685
2010,Legal noncitizen,23,136715,35716,0.2612441941264675
2010,Legal noncitizen,24,150021,36871,0.2457722585504696
2010,Legal noncitizen,25,175687,41558,0.23654567497879753
2010,Legal noncitizen,26,195140,43215,0.22145639028389874
2010,Legal noncitizen,27,219192,41161,0.18778513814372788
2010,Legal noncitizen,28,215774,48984,0.22701530304856007
2010,Legal noncitizen,29,238230,44043,0.1848759602065231
2010,Legal noncitizen,30,274968,52010,0.1891492828256379
2010,Legal noncitizen,31,249140,46788,0.1877980252067111
2010,Legal noncitizen,32,268575,55374,0.20617704551801172
2010,Legal noncitizen,33,258628,44867,0.17348082960854974
2010,Legal noncitizen,34,270727,52350,0.1933682270331367
2010,Legal noncitizen,35,283627,54882,0.19350061877042735
2010,Legal noncitizen,36,268691,49420,0.18392875086995844
2010,Legal noncitizen,37,266745,48139,0.1804682374552475
2010,Legal noncitizen,38,255011,48923,0.1918466262239668
2010,Legal noncitizen,39,245864,49807,0.20257947483161423
2010,Legal noncitizen,40,270432,54899,0.2030048219145663
2010,Legal noncitizen,41,225322,40621,0.1802797773852531
2010,Legal noncitizen,42,240383,44818,0.18644413290457312
2010,Legal noncitizen,43,205985,38261,0.1857465349418647
2010,Legal noncitizen,44,204254,42562,0.20837780410665152
2010,Legal noncitizen,45,224465,43987,0.19596373599447575
2010,Legal noncitizen,46,212667,40096,0.18853888943747737
2010,Legal noncitizen,47,196617,38654,0.1965954113835528
2010,Legal noncitizen,48,179061,33973,0.1897286399606838
2010,Legal noncitizen,49,182729,36912,0.2020040606581331
2010,Legal noncitizen,50,187822,35975,0.19153773253399495
2010,Legal noncitizen,51,160630,32861,0.20457573305111124
2010,Legal noncitizen,52,158141,32903,0.20806116060983554
2010,Legal noncitizen,53,156086,31383,0.20106223492177389
2010,Legal noncitizen,54,154047,28553,0.18535252228216065
2010,Legal noncitizen,55,152553,34165,0.22395495336047144
2010,Legal noncitizen,56,124995,25305,0.20244809792391696
2010,Legal noncitizen,57,120937,28118,0.23250121964328535
2010,Legal noncitizen,58,112254,25166,0.2241880022092754
2010,Legal noncitizen,59,106648,24847,0.23298139674443027
2010,Legal noncitizen,60,111126,26592,0.2392959343447978
2010,Legal noncitizen,61,93592,24159,0.2581310368407556
2010,Legal noncitizen,62,102691,26266,0.2557770398574364
2010,Legal noncitizen,63,91086,26328,0.28904551742309464
2010,Legal noncitizen,64,85006,19941,0.23458344116885868
2010,Legal noncitizen,65,88279,27583,0.31245256516272274
2010,Legal noncitizen,66,78579,27368,0.3482864378523524
2010,Legal noncitizen,67,76412,27086,0.354473119405329
2010,Legal noncitizen,68,73129,24249,0.33159211803798766
2010,Legal noncitizen,69,68214,28712,0.42091066350016126
2010,Legal noncitizen,70,70417,26068,0.37019469730320803
2010,Legal noncitizen,71,61290,25370,0.41393375754609235
2010,Legal noncitizen,72,54455,25421,0.4668258194839776
2010,Legal noncitizen,73,59389,22965,0.38668777046254355
2010,Legal noncitizen,74,50392,23594,0.4682092395618352
2010,Legal noncitizen,75,45214,21835,0.4829256425001106
2010,Legal noncitizen,76,42573,20879,0.4904282056702605
2010,Legal noncitizen,77,39433,20465,0.5189815636649506
2010,Legal noncitizen,78,33495,16819,0.5021346469622332
2010,Legal noncitizen,79,33497,15126,0.4515628265217781
2010,Legal noncitizen,80,32418,15400,0.47504472823739896
2010,Legal noncitizen,81,27585,13726,0.49758926953054194
2010,Legal noncitizen,82,26388,13812,0.5234197362437472
2010,Legal noncitizen,83,23299,12252,0.5258594789475943
2010,Legal noncitizen,84,19450,8637,0.4440616966580977
2010,Legal noncitizen,85,16332,9047,0.5539431790350232
2010,Legal noncitizen,86,17428,8336,0.4783107642873537
2010,Legal noncitizen,87,15572,6681,0.42903930131004364
2010,Legal noncitizen,88,10529,6294,0.5977775667204863
2010,Legal noncitizen,89,6364,3904,0.6134506599622879
2010,Legal noncitizen,90,4459,2113,0.4738730657098004
2010,Legal noncitizen,91,216,65,0.30092592592592593
2010,Legal noncitizen,92,6481,3758,0.5798487887671656
2010,Legal noncitizen,93,14857,10946,0.7367570842027327
2010,Legal noncitizen,94,10198,4794,0.470092174936262
2010,Legal noncitizen,95,466,229,0.49141630901287553
2010,Native-born,0,3680177,1700521,0.46207587298110936
2010,Native-born,1,3949674,1753125,0.4438657468945538
2010,Native-born,2,4113955,1789298,0.4349337802674069
2010,Native-born,3,4095606,1730155,0.4224417583136659
2010,Native-born,4,3993881,1639769,0.4105703199469388
2010,Native-born,5,4016756,1593219,0.3966432115866635
2010,Native-born,6,3938743,1466987,0.372450550848329
2010,Native-born,7,3953546,1462682,0.3699671130676107
2010,Native-born,8,3923262,1386100,0.35330294025736747
2010,Native-born,9,3968486,1391223,0.3505676976055856
2010,Native-born,10,4001974,1334682,0.33350591483103087
2010,Native-born,11,3904422,1284910,0.32909096404026
2010,Native-born,12,3968476,1225145,0.3087192665395986
2010,Native-born,13,3900827,1186389,0.30413781487874236
2010,Native-born,14,3911825,1152500,0.29461951902245115
2010,Native-born,15,3944653,1112158,0.2819406421806937
2010,Native-born,16,4026073,1128526,0.2803044058068495
2010,Native-born,17,4012035,1087065,0.270951026100221
2010,Native-born,18,4342060,978009,0.225240784328176
2010,Native-born,19,4053808,543383,0.1340426088260717
2010,Native-born,20,4274234,537637,0.1257855793576112
2010,Native-born,21,4028382,465441,0.11554043285865144
2010,Native-born,22,3710035,436634,0.11768999483832362
2010,Native-born,23,3520351,442620,0.12573178072300176
2010,Native-born,24,3466302,437707,0.12627491776538802
2010,Native-born,25,3633832,459987,0.1265845531659141
2010,Native-born,26,3409461,440710,0.12926090076994576
2010,Native-born,27,3458627,448632,0.12971390092079893
2010,Native-born,28,3425693,444368,0.12971623551789374
2010,Native-born,29,3331480,428426,0.1285993012114736
2010,Native-born,30,3480341,421359,0.12106830911108998
2010,Native-born,31,3167080,388832,0.12277302752061836
2010,Native-born,32,3134021,370922,0.11835338691093646
2010,Native-born,33,3025941,357658,0.11819728144071547
2010,Native-born,34,2953166,328474,0.11122774676398144
2010,Native-born,35,3145596,353527,0.11238792267029842
2010,Native-born,36,2941966,328339,0.11160530067308731
2010,Native-born,37,3013211,324279,0.10761908143837255
2010,Native-born,38,3203149,330538,0.10319157803773724
2010,Native-born,39,3455335,350761,0.10151287791198249
2010,Native-born,40,3640050,358382,0.09845524099943682
2010,Native-born,41,3267332,314276,0.09618734796463904
2010,Native-born,42,3260882,322377,0.09886190300660987
2010,Native-born,43,3306049,312115,0.094407251677153
2010,Native-born,44,3378283,321942,0.09529752243965352
2010,Native-born,45,3718753,331545,0.08915488605992385
2010,Native-born,46,3643256,322349,0.08847827328082353
2010,Native-born,47,3769524,351099,0.09314146825965294
2010,Native-born,48,3784889,359426,0.0949634190064755
2010,Native-born,49,3849561,350273,0.09099037526616671
2010,Native-born,50,4038711,348377,0.08625945258276713
2010,Native-born,51,3740627,338363,0.09045622565414836
2010,Native-born,52,3794642,343338,0.09047968161423396
2010,Native-born,53,3736268,323570,0.08660245999483977
2010,Native-born,54,3644486,319205,0.0875857391138284
2010,Native-born,55,3644213,309675,0.0849771953505462
2010,Native-born,56,3478548,317098,0.09115814989472619
2010,Native-born,57,3403986,299884,0.08809789464469008
2010,Native-born,58,3280994,287653,0.08767251631670159
2010,Native-born,59,3175362,289507,0.09117291193885925
2010,Native-born,60,3251441,299335,0.09206225793425131
2010,Native-born,61,3022839,276487,0.09146600265511991
2010,Native-born,62,3058788,263748,0.08622630924405353
2010,Native-born,63,3135914,260683,0.08312823629729642
2010,Native-born,64,2432573,216230,0.08888941873481289
2010,Native-born,65,2349519,266972,0.11362836393321356
2010,Native-born,66,2283135,260141,0.11394026196436041
2010,Native-born,67,2333391,255347,0.10943172404453433
2010,Native-born,68,2079251,241649,0.11621925395250501
2010,Native-born,69,1878100,222551,0.11849795005590756
2010,Native-born,70,1835318,226841,0.12359765446641945
2010,Native-born,71,1669732,209498,0.12546803918233584
2010,Native-born,72,1629182,215347,0.13218105773326738
2010,Native-born,73,1535378,193436,0.12598591356656147
2010,Native-born,74,1434871,186873,0.13023679480594422
2010,Native-born,75,1424718,191568,0.13446029319486383
2010,Native-born,76,1307477,175062,0.13389298626285587
2010,Native-born,77,1243409,172044,0.13836476975797987
2010,Native-born,78,1219832,169992,0.13935689504784265
2010,Native-born,79,1178663,170645,0.1447784481230004
2010,Native-born,80,1177833,178144,0.15124724812430965
2010,Native-born,81,1065780,165032,0.154846215916981
2010,Native-born,82,1018818,158002,0.15508363613520768
2010,Native-born,83,960728,158945,0.1654422479619622
2010,Native-born,84,876158,147497,0.16834520714300388
2010,Native-born,85,833858,148579,0.17818261622482484
2010,Native-born,86,735428,127712,0.17365670058795696
2010,Native-born,87,635942,119414,0.18777498576914248
2010,Native-born,88,591191,118698,0.20077775202937798
2010,Native-born,89,413999,79536,0.19211640607827554
2010,Native-born,90,199770,40755,0.20400961105271062
2010,Native-born,91,45037,7798,0.1731465239691809
2010,Native-born,92,330871,84906,0.2566136046979034
2010,Native-born,93,611783,138356,0.22615208333673867
2010,Native-born,94,557568,139731,0.2506079975895317
2010,Native-born,95,40795,10438,0.2558646893001593
2010,Naturalized citizen,0,5758,2475,0.4298367488711358
2010,Naturalized citizen,1,4659,1721,0.36939257351362953
2010,Naturalized citizen,2,7848,1424,0.18144750254842
2010,Naturalized citizen,3,14542,2841,0.19536514922294046
2010,Naturalized citizen,4,20994,3872,0.1844336477088692
2010,Naturalized citizen,5,25236,4878,0.19329529243937232
2010,Naturalized citizen,6,24137,4249,0.17603678999047107
2010,Naturalized citizen,7,25493,5274,0.20688032008786725
2010,Naturalized citizen,8,29044,5829,0.20069549648808704
2010,Naturalized citizen,9,33864,8494,0.2508268367587999
2010,Naturalized citizen,10,31636,7561,0.23899987356176508
2010,Naturalized citizen,11,40262,11210,0.2784263076846654
2010,Naturalized citizen,12,49312,14369,0.2913895197923426
2010,Naturalized citizen,13,49216,14610,0.29685468140442134
2010,Naturalized citizen,14,56430,17262,0.30590111642743223
2010,Naturalized citizen,15,59747,16800,0.2811856662259193
2010,Naturalized citizen,16,64217,20461,0.31862279458710313
2010,Naturalized citizen,17,70247,20454,0.29117257676484404
2010,Naturalized citizen,18,86999,24371,0.28012965666272027
2010,Naturalized citizen,19,87948,13729,0.15610360667667258
2010,Naturalized citizen,20,108214,15533,0.14353965290997467
2010,Naturalized citizen,21,112380,13901,0.12369638725751914
2010,Naturalized citizen,22,126470,13426,0.10615956353285363
2010,Naturalized citizen,23,128986,16423,0.12732389561657853
2010,Naturalized citizen,24,141900,16931,0.11931642001409443
2010,Naturalized citizen,25,162136,15213,0.09382863768688016
2010,Naturalized citizen,26,172331,17017,0.0987460178377657
2010,Naturalized citizen,27,171633,18188,0.10597029708738995
2010,Naturalized citizen,28,181550,22103,0.12174607546130542
2010,Naturalized citizen,29,193379,17258,0.08924443708985981
2010,Naturalized citizen,30,228701,24236,0.10597242688051212
2010,Naturalized citizen,31,223623,22769,0.10181868591334522
2010,Naturalized citizen,32,235613,26760,0.11357607602296987
2010,Naturalized citizen,33,233528,22436,0.09607413243808023
2010,Naturalized citizen,34,250366,26304,0.10506218895536934
2010,Naturalized citizen,35,294314,31663,0.10758237800444423
2010,Naturalized citizen,36,290436,30831,0.1061541957608561
2010,Naturalized citizen,37,314241,31286,0.09956052838426557
2010,Naturalized citizen,38,341946,35162,0.10282910167102408
2010,Naturalized citizen,39,333494,36731,0.11013991256214505
2010,Naturalized citizen,40,371998,30675,0.08246012075333739
2010,Naturalized citizen,41,342927,29681,0.08655194837385216
2010,Naturalized citizen,42,366426,34270,0.09352502278768428
2010,Naturalized citizen,43,370283,34036,0.09191888366465649
2010,Naturalized citizen,44,380536,32948,0.08658313536695608
2010,Naturalized citizen,45,412854,41765,0.10116166974281465
2010,Naturalized citizen,46,401677,35717,0.08891970414039141
2010,Naturalized citizen,47,390285,32576,0.08346720985946167
2010,Naturalized citizen,48,402348,33042,0.0821229383518745
2010,Naturalized citizen,49,386163,34666,0.08977038193716125
2010,Naturalized citizen,50,434743,37412,0.08605543965055217
2010,Naturalized citizen,51,369554,29803,0.08064585960373856
2010,Naturalized citizen,52,368926,30958,0.08391384722139399
2010,Naturalized citizen,53,361487,29105,0.08051465197918597
2010,Naturalized citizen,54,361966,30814,0.08512954255372052
2010,Naturalized citizen,55,378598,36416,0.09618645634683755
2010,Naturalized citizen,56,319824,33136,0.10360698384111261
2010,Naturalized citizen,57,325332,34205,0.10513875056864987
2010,Naturalized citizen,58,306105,29057,0.09492494405514448
2010,Naturalized citizen,59,309176,32251,0.10431275390069086
2010,Naturalized citizen,60,332920,37756,0.11340862669710441
2010,Naturalized citizen,61,296861,37935,0.12778707880118978
2010,Naturalized citizen,62,300417,34940,0.11630500271289575
2010,Naturalized citizen,63,281206,33772,0.12009701073234569
2010,Naturalized citizen,64,258813,33325,0.12876092004652007
2010,Naturalized citizen,65,246226,39845,0.16182287816883675
2010,Naturalized citizen,66,214726,39785,0.1852826392705122
2010,Naturalized citizen,67,212166,43547,0.20524966299972663
2010,Naturalized citizen,68,203843,41260,0.2024106788067287
2010,Naturalized citizen,69,203489,46996,0.23095105877959005
2010,Naturalized citizen,70,209569,45749,0.2183004165692445
2010,Naturalized citizen,71,182076,48249,0.2649937388782706
2010,Naturalized citizen,72,178651,47732,0.26718014452759853
2010,Naturalized citizen,73,172744,52339,0.3029859213634048
2010,Naturalized citizen,74,160797,45711,0.2842776917479804
2010,Naturalized citizen,75,149080,43751,0.2934733029246042
2010,Naturalized citizen,76,139191,40063,0.2878275175837518
2010,Naturalized citizen,77,129518,41863,0.32322148272826945
2010,Naturalized citizen,78,125319,39455,0.3148365371571749
2010,Naturalized citizen,79,112200,34884,0.3109090909090909
2010,Naturalized citizen,80,118277,40850,0.34537568588990253
2010,Naturalized citizen,81,99680,34027,0.3413623595505618
2010,Naturalized citizen,82,104837,35648,0.3400326220704522
2010,Naturalized citizen,83,93613,31869,0.3404334868020467
2010,Naturalized citizen,84,83814,29225,0.3486887632137829
2010,Naturalized citizen,85,79860,28571,0.357763586275983
2010,Naturalized citizen,86,64703,22670,0.3503701528522634
2010,Naturalized citizen,87,65349,21574,0.3301351206598418
2010,Naturalized citizen,88,51508,18965,0.3681952318086511
2010,Naturalized citizen,89,40781,17829,0.4371888869816826
2010,Naturalized citizen,90,19117,7099,0.3713448762881205
2010,Naturalized citizen,91,2734,785,0.2871250914411119
2010,Naturalized citizen,92,16686,6509,0.39008749850173796
2010,Naturalized citizen,93,53215,23420,0.4401014751479846
2010,Naturalized citizen,94,56047,22882,0.40826449230110445
2010,Naturalized citizen,95,2241,794,0.3543061133422579
2010,Undocumented,0,6108.5185,184.19,0.030152974080376444
2010,Undocumented,1,14105.589225,732.823,0.051952668428851115
2010,Undocumented,2,17125.88844796875,330.88829984375,0.019320942142595565
2010,Undocumented,3,19472.051498089844,776.6005687500001,0.03988283252158523
2010,Undocumented,4,33770.795143428615,1963.388146968751,0.05813864135061097
2010,Undocumented,5,31330.952542426596,1523.4208652146317,0.04862350939224404
2010,Undocumented,6,39469.80454900959,2061.1974541746645,0.052222134812329235
2010,Undocumented,7,47196.24429457019,2188.734939619805,0.046375193033561225
2010,Undocumented,8,59445.073777167214,3217.3464479981253,0.05412301211128961
2010,Undocumented,9,73461.79042447064,3733.858786859399,0.050827222768254555
2010,Undocumented,10,83121.41157954307,4061.528959971832,0.048862608114939796
2010,Undocumented,11,87740.2627035346,3087.416319187982,0.03518813625644189
2010,Undocumented,12,105576.2290966492,5681.107492526475,0.05381047932035662
2010,Undocumented,13,103639.95324523556,5105.112228027896,0.049258148698196016
2010,Undocumented,14,110486.34655732395,4852.392366456609,0.043918479682365355
2010,Undocumented,15,119471.2851271775,5409.699482929265,0.04528033223356245
2010,Undocumented,16,139276.27381971682,6120.1876772216565,0.0439427873059255
2010,Undocumented,17,146140.6585935111,5581.508128776985,0.038192712298511663
2010,Undocumented,18,198430.95705482992,3244.077675981321,0.016348647026305105
2010,Undocumented,19,232601.41224142435,0,0
2010,Undocumented,20,268873.5307362545,0,0
2010,Undocumented,21,300406.35292083636,0,0
2010,Undocumented,22,331416.8756374907,0,0
2010,Undocumented,23,326267.5477419624,0,0
2010,Undocumented,24,346753.499572856,0,0
2010,Undocumented,25,386545.0004095341,0,0
2010,Undocumented,26,351099.15976214263,0,0
2010,Undocumented,27,387377.08337347675,0,0
2010,Undocumented,28,373102.356558118,0,0
2010,Undocumented,29,349158.44619452464,0,0
2010,Undocumented,30,435787.0944903896,0,0
2010,Undocumented,31,350716.5266148276,0,0
2010,Undocumented,32,365957.2628090683,0,0
2010,Undocumented,33,340177.5212631484,0,0
2010,Undocumented,34,348115.8167861836,0,0
2010,Undocumented,35,396156.70743861434,0,0
2010,Undocumented,36,338984.7338673099,0,0
2010,Undocumented,37,336923.619742548,0,0
2010,Undocumented,38,336496.66698388767,0,0
2010,Undocumented,39,293872.27891465486,0,0
2010,Undocumented,40,327975.27605261037,0,0
2010,Undocumented,41,263011.9765978362,0,0
2010,Undocumented,42,268785.2951838009,0,0
2010,Undocumented,43,233975.7238351817,0,0
2010,Undocumented,44,222653.8925285734,0,0
2010,Undocumented,45,239046.21148675316,0,0
2010,Undocumented,46,192087.24736601202,0,0
2010,Undocumented,47,187695.72143198492,0,0
2010,Undocumented,48,173353.57346598204,0,0
2010,Undocumented,49,143180.03893548695,0,0
2010,Undocumented,50,162357.20229787048,0,0
2010,Undocumented,51,125094.58501678648,0,0
2010,Undocumented,52,128385.6302233312,0,0
2010,Undocumented,53,114972.31362626291,0,0
2010,Undocumented,54,116802.48517379904,0,0
2010,Undocumented,55,105205.28697133405,0,0
2010,Undocumented,56,93944.63076960485,0,0
2010,Undocumented,57,83061.54575944951,0,0
2010,Undocumented,58,73705.90130877106,0,0
2010,Undocumented,59,69096.55286064597,0,0
2010,Undocumented,60,72786.22405148087,0,0
2010,Undocumented,61,53380.09738952011,0,0
2010,Undocumented,62,52905.88523427312,0,0
2010,Undocumented,63,43804.58980217247,0,0
2010,Undocumented,64,39843.10505294172,0,0
2010,Undocumented,65,34014.16708436402,0,0
2010,Undocumented,66,25291.13647658925,0,0
2010,Undocumented,67,20114.78834688198,0,0
2010,Undocumented,68,20576.680232011848,0,0
2010,Undocumented,69,19818.856964609346,0,0
2010,Undocumented,70,20602.231827968684,0,0
2010,Undocumented,71,13787.793251949215,0,0
2010,Undocumented,72,15686.758469524711,0,0
2010,Undocumented,73,13007.928140454685,0,0
2010,Undocumented,74,12105.475760726024,0,0
2010,Undocumented,75,11855.569459409238,0,0
2010,Undocumented,76,8436.036354682292,0,0
2010,Undocumented,77,6613.62402721389,0,0
2010,Undocumented,78,6218.202387459801,0,0
2010,Undocumented,79,6296.392528001206,0,0
2010,Undocumented,80,6485.935553360106,0,0
2010,Undocumented,81,4778.247834929811,0,0
2010,Undocumented,82,4332.054880772306,0,0
2010,Undocumented,83,3924.6256098971826,0,0
2010,Undocumented,84,5242.255116204582,0,0
2010,Undocumented,85,2015.033626124606,0,0
2010,Undocumented,86,2487.3971783707825,0,0
2010,Undocumented,87,1757.6883704460347,0,0
2010,Undocumented,88,1528.6834482885097,0,0
2010,Undocumented,89,186.969126999143,0,0
2010,Undocumented,90,416.2337720446126,0,0
2010,Undocumented,91,699.6527951452258,0,0
2010,Undocumented,92,2520.514419238824,0,0
2010,Undocumented,93,628.1709531622315,0,0
2010,Undocumented,94,1785.8298426632946,0,0
2011,Legal noncitizen,0,8524,5569,0.6533317691224777
2011,Legal noncitizen,1,20772,7298,0.35133834007317544
2011,Legal noncitizen,2,23480,8476,0.3609880749574106
2011,Legal noncitizen,3,28119,14504,0.5158078167786906
2011,Legal noncitizen,4,32132,17560,0.5464957052159841
2011,Legal noncitizen,5,33632,20114,0.5980613701236918
2011,Legal noncitizen,6,41609,24931,0.5991732557860079
2011,Legal noncitizen,7,43787,25174,0.5749194966542581
2011,Legal noncitizen,8,45568,27365,0.6005310744382022
2011,Legal noncitizen,9,60088,37733,0.6279623219278392
2011,Legal noncitizen,10,64347,43101,0.669821436896825
2011,Legal noncitizen,11,78907,51011,0.6464698949396125
2011,Legal noncitizen,12,86467,55205,0.638451663640464
2011,Legal noncitizen,13,90733,56884,0.6269383796413653
2011,Legal noncitizen,14,86660,52763,0.6088506808216017
2011,Legal noncitizen,15,97542,64744,0.6637551003670213
2011,Legal noncitizen,16,99408,61226,0.6159061644938033
2011,Legal noncitizen,17,97725,59041,0.6041545152212842
2011,Legal noncitizen,18,102432,61741,0.6027510934083099
2011,Legal noncitizen,19,86823,33329,0.38387293689460167
2011,Legal noncitizen,20,119503,39715,0.3323347531024326
2011,Legal noncitizen,21,110216,33635,0.30517347753502216
2011,Legal noncitizen,22,122635,36553,0.2980633587475027
2011,Legal noncitizen,23,125855,31326,0.24890548647252791
2011,Legal noncitizen,24,156213,35359,0.2263511999641515
2011,Legal noncitizen,25,184268,45333,0.24601667136996114
2011,Legal noncitizen,26,193672,45082,0.2327750010326738
2011,Legal noncitizen,27,203337,45996,0.22620575694536657
2011,Legal noncitizen,28,231524,51586,0.22281059415006652
2011,Legal noncitizen,29,236973,45091,0.1902790613276618
2011,Legal noncitizen,30,263806,49915,0.18921101112180921
2011,Legal noncitizen,31,256815,49771,0.1938009851449487
2011,Legal noncitizen,32,262177,48695,0.18573330231103416
2011,Legal noncitizen,33,260883,53452,0.20488878156108295
2011,Legal noncitizen,34,267039,56385,0.21114893330187726
2011,Legal noncitizen,35,285036,59067,0.2072264556056077
2011,Legal noncitizen,36,249340,54584,0.21891393278254592
2011,Legal noncitizen,37,258917,49848,0.19252501766975516
2011,Legal noncitizen,38,258845,56886,0.21976858737854701
2011,Legal noncitizen,39,251120,51537,0.20522857597961133
2011,Legal noncitizen,40,276881,52990,0.19138185718774492
2011,Legal noncitizen,41,234463,48462,0.2066935934454477
2011,Legal noncitizen,42,232925,50967,0.2188129226145755
2011,Legal noncitizen,43,211768,48453,0.22880227418684598
2011,Legal noncitizen,44,215191,45030,0.20925596330701562
2011,Legal noncitizen,45,209390,48846,0.23327761593199292
2011,Legal noncitizen,46,199612,44920,0.22503657094763843
2011,Legal noncitizen,47,190735,38964,0.20428342988963746
2011,Legal noncitizen,48,202472,40677,0.2009018530957367
2011,Legal noncitizen,49,194223,38878,0.2001719672747306
2011,Legal noncitizen,50,200786,41145,0.20491966571374498
2011,Legal noncitizen,51,168956,34530,0.20437273609697199
2011,Legal noncitizen,52,169541,36449,0.2149863454857527
2011,Legal noncitizen,53,157184,31198,0.19848076140065146
2011,Legal noncitizen,54,155505,34256,0.22028873669656923
2011,Legal noncitizen,55,154659,32339,0.20909872687654776
2011,Legal noncitizen,56,145198,31332,0.21578809625476936
2011,Legal noncitizen,57,125708,31142,0.24773284118751393
2011,Legal noncitizen,58,115858,25300,0.21837076421136217
2011,Legal noncitizen,59,110859,25774,0.23249352781461136
2011,Legal noncitizen,60,114169,26226,0.22971209347546181
2011,Legal noncitizen,61,97079,24371,0.2510429650078802
2011,Legal noncitizen,62,102119,25813,0.25277372477207966
2011,Legal noncitizen,63,90890,25728,0.2830674441632743
2011,Legal noncitizen,64,93295,23128,0.24790181681762152
2011,Legal noncitizen,65,91691,29193,0.31838457427664657
2011,Legal noncitizen,66,78448,25636,0.3267897205792372
2011,Legal noncitizen,67,84465,30388,0.3597703190670692
2011,Legal noncitizen,68,79247,30790,0.3885320579958863
2011,Legal noncitizen,69,72044,25466,0.353478429848426
2011,Legal noncitizen,70,74040,29017,0.39190977849810915
2011,Legal noncitizen,71,65572,28330,0.4320441651924602
2011,Legal noncitizen,72,57643,23754,0.41208819804659713
2011,Legal noncitizen,73,57274,22246,0.38841359080909316
2011,Legal noncitizen,74,50581,21951,0.43397718510903305
2011,Legal noncitizen,75,49811,22511,0.4519282889321636
2011,Legal noncitizen,76,44093,18855,0.42761889642346856
2011,Legal noncitizen,77,41330,18560,0.4490684732639729
2011,Legal noncitizen,78,42866,20486,0.4779078990341996
2011,Legal noncitizen,79,35079,17005,0.4847629635964537
2011,Legal noncitizen,80,33577,13995,0.4168031688358102
2011,Legal noncitizen,81,30166,15374,0.5096466220247962
2011,Legal noncitizen,82,25023,14020,0.5602845382248332
2011,Legal noncitizen,83,23365,11854,0.5073400385191525
2011,Legal noncitizen,84,19904,10539,0.5294915594855305
2011,Legal noncitizen,85,19824,9885,0.49863801452784506
2011,Legal noncitizen,86,18824,9616,0.5108372290692733
2011,Legal noncitizen,87,12751,6793,0.5327425299976473
2011,Legal noncitizen,88,12266,8109,0.6610957117234633
2011,Legal noncitizen,89,7930,3459,0.43619167717528373
2011,Legal noncitizen,90,4890,2089,0.42719836400817995
2011,Legal noncitizen,91,831,151,0.18170878459687123
2011,Legal noncitizen,92,5204,2363,0.45407378939277476
2011,Legal noncitizen,93,19425,12222,0.6291891891891892
2011,Legal noncitizen,94,9515,4119,0.4328954282711508
2011,Legal noncitizen,95,258,0,0
2011,Native-born,0,3668735,1697787,0.4627717728317799
2011,Native-born,1,3838560,1753139,0.4567178837897545
2011,Native-born,2,4015077,1779447,0.44319125137575194
2011,Native-born,3,4094821,1781388,0.4350344007711204
2011,Native-born,4,4176795,1769461,0.42364085381255245
2011,Native-born,5,4029585,1648707,0.409150570095928
2011,Native-born,6,4005649,1562774,0.39014252122440085
2011,Native-born,7,3985014,1522115,0.38195976224926687
2011,Native-born,8,3890406,1439670,0.37005649281848735
2011,Native-born,9,3928140,1420126,0.3615263203449979
2011,Native-born,10,4026396,1416539,0.35181313512133433
2011,Native-born,11,3985709,1365091,0.3424964040274892
2011,Native-born,12,3926986,1316596,0.33526882958075227
2011,Native-born,13,3882939,1264614,0.32568474549819093
2011,Native-born,14,3921544,1209916,0.30853051757165034
2011,Native-born,15,3921903,1181465,0.301247889098736
2011,Native-born,16,3942865,1160859,0.2944201741626964
2011,Native-born,17,3983639,1127856,0.2831220399237983
2011,Native-born,18,4318554,1018005,0.23572820902552105
2011,Native-born,19,4004497,527670,0.13176935829893244
2011,Native-born,20,4357118,580267,0.1331767925495706
2011,Native-born,21,4227628,475041,0.11236584675851329
2011,Native-born,22,3853203,474581,0.1231653250555447
2011,Native-born,23,3651504,448114,0.12272039137845665
2011,Native-born,24,3430142,443499,0.1292946472769932
2011,Native-born,25,3728195,452108,0.12126726203967335
2011,Native-born,26,3493377,446769,0.12789029068434354
2011,Native-born,27,3366933,446218,0.13252951573434935
2011,Native-born,28,3454795,460450,0.13327853027458939
2011,Native-born,29,3399655,434440,0.1277894374576244
2011,Native-born,30,3591225,462932,0.12890643164936755
2011,Native-born,31,3309735,412374,0.12459426509977385
2011,Native-born,32,3232884,411119,0.1271678785876635
2011,Native-born,33,3095474,381092,0.12311264769143594
2011,Native-born,34,3031778,367619,0.12125525021950816
2011,Native-born,35,3142795,359660,0.11443953550899756
2011,Native-born,36,3025336,342222,0.11311867508270156
2011,Native-born,37,2955756,325531,0.11013459839039488
2011,Native-born,38,3016295,331142,0.109784354647009
2011,Native-born,39,3157014,336782,0.10667738565619285
2011,Native-born,40,3658090,363924,0.09948470376617306
2011,Native-born,41,3376052,360401,0.10675220642336078
2011,Native-born,42,3293910,334894,0.10167065888260457
2011,Native-born,43,3178572,317284,0.09981966744814967
2011,Native-born,44,3248901,332269,0.10227119878383491
2011,Native-born,45,3462947,343443,0.09917651064252499
2011,Native-born,46,3558125,352987,0.09920590198489374
2011,Native-born,47,3706786,349098,0.09417808311566948
2011,Native-born,48,3709744,351452,0.09473753444981649
2011,Native-born,49,3745150,345283,0.09219470515199658
2011,Native-born,50,4064827,373061,0.09177782965917122
2011,Native-born,51,3743112,367853,0.09827464419979952
2011,Native-born,52,3761311,354551,0.09426261215836712
2011,Native-born,53,3743519,353136,0.09433263194336666
2011,Native-born,54,3764533,367593,0.09764637472961454
2011,Native-born,55,3760672,355404,0.0945054500897712
2011,Native-born,56,3512237,324333,0.09234371142949636
2011,Native-born,57,3466831,327681,0.09451888482594047
2011,Native-born,58,3401081,316018,0.0929169284706833
2011,Native-born,59,3234546,302061,0.09338590330760484
2011,Native-born,60,3335742,313057,0.09384928450701523
2011,Native-born,61,3068318,289161,0.09424088376758863
2011,Native-born,62,3026277,268878,0.08884778227505281
2011,Native-born,63,3019072,259153,0.08583862855870943
2011,Native-born,64,3120971,270242,0.0865890775659242
2011,Native-born,65,2432568,277220,0.11396187074729257
2011,Native-born,66,2253744,262772,0.11659354389850844
2011,Native-born,67,2224342,251970,0.11327844369256167
2011,Native-born,68,2274866,263222,0.11570879339706162
2011,Native-born,69,2017292,246737,0.12231099910176613
2011,Native-born,70,1900989,231200,0.12162090364541825
2011,Native-born,71,1688260,214492,0.12704915119709048
2011,Native-born,72,1646106,210195,0.1276922628311907
2011,Native-born,73,1605489,208286,0.129733682385865
2011,Native-born,74,1467894,194059,0.1322023252360184
2011,Native-born,75,1427236,202663,0.14199683864476512
2011,Native-born,76,1345017,189608,0.1409707089204077
2011,Native-born,77,1269455,187959,0.14806275133817268
2011,Native-born,78,1205915,179790,0.14909010999946098
2011,Native-born,79,1192000,174358,0.14627348993288591
2011,Native-born,80,1176157,186436,0.15851285160059414
2011,Native-born,81,1083189,167935,0.1550375788528133
2011,Native-born,82,1013351,163561,0.16140606759158474
2011,Native-born,83,961869,159800,0.16613488947039565
2011,Native-born,84,907740,155654,0.1714742106770661
2011,Native-born,85,820633,140537,0.17125438533424808
2011,Native-born,86,745090,130207,0.17475338549705405
2011,Native-born,87,662806,125012,0.18861024191090606
2011,Native-born,88,558926,100541,0.17988248891624295
2011,Native-born,89,449280,90195,0.2007545405982906
2011,Native-born,90,239146,47692,0.19942629188863706
2011,Native-born,91,89563,22448,0.2506392148543483
2011,Native-born,92,250960,61009,0.24310248645202423
2011,Native-born,93,725461,163958,0.22600525734670782
2011,Native-born,94,527806,134522,0.25487016062720014
2011,Native-born,95,18547,3967,0.21388903865854317
2011,Naturalized citizen,0,3875,1430,0.3690322580645161
2011,Naturalized citizen,1,5024,1742,0.34673566878980894
2011,Naturalized citizen,2,7418,1525,0.20558101914262605
2011,Naturalized citizen,3,12654,3025,0.23905484431800222
2011,Naturalized citizen,4,16399,2456,0.14976522958716995
2011,Naturalized citizen,5,21094,4373,0.20731013558357828
2011,Naturalized citizen,6,19267,3388,0.1758447085690559
2011,Naturalized citizen,7,28502,6191,0.21721282717002316
2011,Naturalized citizen,8,27805,6191,0.22265779536054667
2011,Naturalized citizen,9,33534,8195,0.24437883938689092
2011,Naturalized citizen,10,36147,8210,0.2271281157495781
2011,Naturalized citizen,11,37208,9453,0.25405826703934636
2011,Naturalized citizen,12,43986,12551,0.28534079025144365
2011,Naturalized citizen,13,46160,12136,0.2629116117850953
2011,Naturalized citizen,14,53039,13977,0.263523067931145
2011,Naturalized citizen,15,65197,19236,0.29504425050232375
2011,Naturalized citizen,16,67262,17075,0.25385804763462283
2011,Naturalized citizen,17,78715,22843,0.29019881852251794
2011,Naturalized citizen,18,92404,22405,0.2424678585342626
2011,Naturalized citizen,19,92418,15421,0.16686143391979918
2011,Naturalized citizen,20,114202,15094,0.1321693140225215
2011,Naturalized citizen,21,119873,14748,0.12303020696904224
2011,Naturalized citizen,22,115155,12457,0.10817593678086058
2011,Naturalized citizen,23,130048,16224,0.12475393700787402
2011,Naturalized citizen,24,137477,15646,0.11380812790503139
2011,Naturalized citizen,25,176406,17314,0.09814858905025906
2011,Naturalized citizen,26,174969,19654,0.11232846961461744
2011,Naturalized citizen,27,177220,23668,0.13355151788737163
2011,Naturalized citizen,28,192915,21000,0.1088562320192831
2011,Naturalized citizen,29,203596,23096,0.11344034263934459
2011,Naturalized citizen,30,222890,22308,0.10008524384225402
2011,Naturalized citizen,31,243613,29165,0.11971857002705111
2011,Naturalized citizen,32,236254,29025,0.12285506277142398
2011,Naturalized citizen,33,240173,26296,0.10948774425101905
2011,Naturalized citizen,34,251079,24436,0.09732394983252284
2011,Naturalized citizen,35,310634,30294,0.09752313011453995
2011,Naturalized citizen,36,300219,31300,0.1042572255586755
2011,Naturalized citizen,37,308671,30341,0.09829559628212563
2011,Naturalized citizen,38,340736,36898,0.10828911532682194
2011,Naturalized citizen,39,339535,38415,0.11314002974656516
2011,Naturalized citizen,40,417364,41904,0.10040156793590248
2011,Naturalized citizen,41,367712,35553,0.0966870811939779
2011,Naturalized citizen,42,393784,37829,0.0960653556264348
2011,Naturalized citizen,43,401725,38972,0.09701163731408302
2011,Naturalized citizen,44,403296,41548,0.10302110608585258
2011,Naturalized citizen,45,426675,41367,0.09695201265600281
2011,Naturalized citizen,46,399729,42445,0.1061844399580716
2011,Naturalized citizen,47,412451,40214,0.0975000666745868
2011,Naturalized citizen,48,406375,39483,0.09715902799138726
2011,Naturalized citizen,49,410757,38089,0.09272879098834591
2011,Naturalized citizen,50,429355,36807,0.08572626381432615
2011,Naturalized citizen,51,395028,35679,0.09032017983535344
2011,Naturalized citizen,52,372000,32829,0.08825
2011,Naturalized citizen,53,369799,33818,0.09144967942044191
2011,Naturalized citizen,54,366334,37816,0.10322820158653033
2011,Naturalized citizen,55,387223,38533,0.09951113441092084
2011,Naturalized citizen,56,363165,37374,0.10291189954979142
2011,Naturalized citizen,57,342867,36055,0.10515739339160665
2011,Naturalized citizen,58,333581,36581,0.10966152148953327
2011,Naturalized citizen,59,296063,33773,0.1140736937746358
2011,Naturalized citizen,60,333633,36660,0.10988121678610929
2011,Naturalized citizen,61,304818,35922,0.11784737121823514
2011,Naturalized citizen,62,315198,40269,0.12775779034130927
2011,Naturalized citizen,63,305720,39327,0.12863731519037028
2011,Naturalized citizen,64,289637,34324,0.11850695871038576
2011,Naturalized citizen,65,275183,45813,0.16648194110828068
2011,Naturalized citizen,66,228850,41573,0.18166047629451607
2011,Naturalized citizen,67,225397,44337,0.19670625607261855
2011,Naturalized citizen,68,216218,46808,0.21648521399698453
2011,Naturalized citizen,69,199946,46556,0.23284286757424505
2011,Naturalized citizen,70,216152,49603,0.2294820311632555
2011,Naturalized citizen,71,205250,54063,0.26340073081607795
2011,Naturalized citizen,72,193507,50572,0.26134455084312197
2011,Naturalized citizen,73,184898,51593,0.2790349273653582
2011,Naturalized citizen,74,165091,48951,0.2965091979574901
2011,Naturalized citizen,75,169778,52005,0.30631177184323055
2011,Naturalized citizen,76,145486,49256,0.3385617860137745
2011,Naturalized citizen,77,129922,40234,0.3096781145610443
2011,Naturalized citizen,78,119298,39633,0.33221847809686667
2011,Naturalized citizen,79,114742,39316,0.34264698192466575
2011,Naturalized citizen,80,117546,42413,0.3608204447620506
2011,Naturalized citizen,81,105362,36862,0.34986048100833317
2011,Naturalized citizen,82,104665,34913,0.3335690058758897
2011,Naturalized citizen,83,93745,32854,0.3504613579390901
2011,Naturalized citizen,84,90126,30328,0.33650666844195903
2011,Naturalized citizen,85,85348,29267,0.3429137179547265
2011,Naturalized citizen,86,66399,24427,0.3678820464163617
2011,Naturalized citizen,87,65115,24319,0.3734776933118329
2011,Naturalized citizen,88,50457,18832,0.37322868977545237
2011,Naturalized citizen,89,46844,18002,0.3842968149602937
2011,Naturalized citizen,90,26097,9757,0.3738743916925317
2011,Naturalized citizen,91,4883,1792,0.3669875076797051
2011,Naturalized citizen,92,14508,7203,0.4964846980976013
2011,Naturalized citizen,93,81421,38807,0.4766215104211444
2011,Naturalized citizen,94,45142,17814,0.3946214168623455
2011,Naturalized citizen,95,600,38,0.06333333333333334
2011,Undocumented,0,6922.77275,115.26,0.016649398176474883
2011,Undocumented,1,12849.02588125,0,0
2011,Undocumented,2,16041.53148984375,832.85465,0.05191864944611422
2011,Undocumented,3,20935.0486426875,828.447646449219,0.039572281898594554
2011,Undocumented,4,23697.326264683208,538.0225590273437,0.022703935162051336
2011,Undocumented,5,28244.97517915411,451.2169051796875,0.015975121320435895
2011,Undocumented,6,34945.44005431085,1345.3253074766756,0.03849787856114626
2011,Undocumented,7,38835.76584397424,1923.9765460025712,0.04954135715341109
2011,Undocumented,8,46421.815711872645,2196.674827969644,0.047319881703977204
2011,Undocumented,9,54845.898747091596,1964.9844944423883,0.03582737341042458
2011,Undocumented,10,59761.00770290957,2812.9561681624696,0.0470700926287345
2011,Undocumented,11,79858.000272257,6076.08713713451,0.07608614185704031
2011,Undocumented,12,85664.54986566631,5261.477677071054,0.06141954501975167
2011,Undocumented,13,89030.11312437286,5600.087237023692,0.06290104595509734
2011,Undocumented,14,102476.32004099104,5687.136253643765,0.055497077289357016
2011,Undocumented,15,120645.1596580156,8372.739051420322,0.06939970965394666
2011,Undocumented,16,115444.23822349195,6225.213651837631,0.05392398743873258
2011,Undocumented,17,128800.25957391899,4942.952119994007,0.03837688011146614
2011,Undocumented,18,194660.23317134008,4652.923253160565,0.02390279297089436
2011,Undocumented,19,201815.11857062182,0,0
2011,Undocumented,20,264286.4967459048,0,0
2011,Undocumented,21,291620.1472324939,0,0
2011,Undocumented,22,305615.01346305147,0,0
2011,Undocumented,23,314843.0009941121,0,0
2011,Undocumented,24,308822.32773091795,0,0
2011,Undocumented,25,360783.8580210604,0,0
2011,Undocumented,26,349660.71633216034,0,0
2011,Undocumented,27,349552.1808290125,0,0
2011,Undocumented,28,352580.36696539965,0,0
2011,Undocumented,29,331123.40170737443,0,0
2011,Undocumented,30,401038.5946494799,0,0
2011,Undocumented,31,332031.46843432507,0,0
2011,Undocumented,32,348210.9637773366,0,0
2011,Undocumented,33,340331.32124620635,0,0
2011,Undocumented,34,343546.04939215875,0,0
2011,Undocumented,35,370331.6471713266,0,0
2011,Undocumented,36,359924.4884215406,0,0
2011,Undocumented,37,322543.6717417717,0,0
2011,Undocumented,38,333131.4123942037,0,0
2011,Undocumented,39,280885.27125763317,0,0
2011,Undocumented,40,324894.16849409195,0,0
2011,Undocumented,41,285312.88035055477,0,0
2011,Undocumented,42,279950.8434923324,0,0
2011,Undocumented,43,237796.84277747056,0,0
2011,Undocumented,44,224356.10279102184,0,0
2011,Undocumented,45,228672.9558628634,0,0
2011,Undocumented,46,201741.41955919767,0,0
2011,Undocumented,47,182500.58769901207,0,0
2011,Undocumented,48,189197.02805560912,0,0
2011,Undocumented,49,154604.88574371906,0,0
2011,Undocumented,50,177062.2797676689,0,0
2011,Undocumented,51,140890.61233404352,0,0
2011,Undocumented,52,124752.48803096727,0,0
2011,Undocumented,53,113984.73052148058,0,0
2011,Undocumented,54,117017.64744021409,0,0
2011,Undocumented,55,111665.20794263852,0,0
2011,Undocumented,56,95134.4155579661,0,0
2011,Undocumented,57,89874.45868433385,0,0
2011,Undocumented,58,78751.85856794972,0,0
2011,Undocumented,59,63562.963744622204,0,0
2011,Undocumented,60,75822.9247062588,0,0
2011,Undocumented,61,64682.116896960346,0,0
2011,Undocumented,62,53815.58853380202,0,0
2011,Undocumented,63,44145.99716018249,0,0
2011,Undocumented,64,45649.92723880087,0,0
2011,Undocumented,65,33450.906883013056,0,0
2011,Undocumented,66,24610.090178446244,0,0
2011,Undocumented,67,24830.223135048334,0,0
2011,Undocumented,68,20440.96674409472,0,0
2011,Undocumented,69,17746.94852825791,0,0
2011,Undocumented,70,17718.346217490547,0,0
2011,Undocumented,71,13872.345512847905,0,0
2011,Undocumented,72,16224.106254774559,0,0
2011,Undocumented,73,11660.670868059375,0,0
2011,Undocumented,74,11963.03120875442,0,0
2011,Undocumented,75,9991.252167169036,0,0
2011,Undocumented,76,9002.917762450648,0,0
2011,Undocumented,77,6575.148619298643,0,0
2011,Undocumented,78,6948.038313430541,0,0
2011,Undocumented,79,6303.535460412024,0,0
2011,Undocumented,80,7519.660248476639,0,0
2011,Undocumented,81,4559.42223594029,0,0
2011,Undocumented,82,3943.298566765042,0,0
2011,Undocumented,83,4360.574577270037,0,0
2011,Undocumented,84,1517.1572782489518,0,0
2011,Undocumented,85,3747.235021824586,0,0
2011,Undocumented,86,1646.0185458689016,0,0
2011,Undocumented,87,2267.7657033344926,0,0
2011,Undocumented,88,2624.964225930176,0,0
2011,Undocumented,89,1311.665283470851,0,0
2011,Undocumented,90,541.6587792851781,0,0
2011,Undocumented,91,287.0347004828493,0,0
2011,Undocumented,92,775.2973114148101,0,0
2011,Undocumented,93,2495.049076013521,0,0
2011,Undocumented,94,1128.69042489075,0,0
2012,Legal noncitizen,0,10542,5776,0.5479036236008348
2012,Legal noncitizen,1,21307,8834,0.4146055286994884
2012,Legal noncitizen,2,23931,11016,0.46032342986084995
2012,Legal noncitizen,3,28690,15713,0.547682119205298
2012,Legal noncitizen,4,39145,19965,0.5100268233490868
2012,Legal noncitizen,5,35966,20043,0.5572763165211588
2012,Legal noncitizen,6,40906,22870,0.5590866865496504
2012,Legal noncitizen,7,44212,27364,0.6189269881480142
2012,Legal noncitizen,8,47230,27428,0.5807325852212577
2012,Legal noncitizen,9,63935,45302,0.7085633846875733
2012,Legal noncitizen,10,63220,42481,0.671955077507118
2012,Legal noncitizen,11,74273,48319,0.6505594226704186
2012,Legal noncitizen,12,83430,57304,0.6868512525470454
2012,Legal noncitizen,13,84182,53126,0.6310850300539308
2012,Legal noncitizen,14,90159,61556,0.6827493650107033
2012,Legal noncitizen,15,91992,59589,0.6477628489433864
2012,Legal noncitizen,16,94597,60732,0.6420076746619872
2012,Legal noncitizen,17,98469,60758,0.617026678447024
2012,Legal noncitizen,18,102570,60997,0.5946865555230574
2012,Legal noncitizen,19,88192,39511,0.44801115747460085
2012,Legal noncitizen,20,96875,36149,0.37315096774193546
2012,Legal noncitizen,21,102536,30751,0.2999044238121245
2012,Legal noncitizen,22,119488,37535,0.3141319630423139
2012,Legal noncitizen,23,134909,32596,0.24161471806921703
2012,Legal noncitizen,24,145458,36643,0.25191464202725183
2012,Legal noncitizen,25,183897,42985,0.2337449768076695
2012,Legal noncitizen,26,191201,40221,0.21035977845304157
2012,Legal noncitizen,27,220643,46249,0.209610094133963
2012,Legal noncitizen,28,221281,49883,0.22542830157130525
2012,Legal noncitizen,29,235057,45794,0.19482083069213
2012,Legal noncitizen,30,252809,49050,0.19401999137688927
2012,Legal noncitizen,31,260981,48409,0.18548859878688487
2012,Legal noncitizen,32,274984,52562,0.19114566665696914
2012,Legal noncitizen,33,279923,55273,0.19745787234346587
2012,Legal noncitizen,34,269976,54045,0.20018446084096364
2012,Legal noncitizen,35,280500,57881,0.206349376114082
2012,Legal noncitizen,36,273933,56065,0.20466683459094012
2012,Legal noncitizen,37,264251,51484,0.19482991549700854
2012,Legal noncitizen,38,271132,58455,0.21559609341575323
2012,Legal noncitizen,39,254747,51789,0.20329581898903618
2012,Legal noncitizen,40,272248,57055,0.20956995092709588
2012,Legal noncitizen,41,233767,47055,0.2012901735488756
2012,Legal noncitizen,42,237463,47553,0.20025435541536998
2012,Legal noncitizen,43,224751,47946,0.21332941788913065
2012,Legal noncitizen,44,203271,46857,0.23051492834688667
2012,Legal noncitizen,45,217828,53256,0.24448647556787925
2012,Legal noncitizen,46,186661,38613,0.2068616368711193
2012,Legal noncitizen,47,191676,37874,0.1975938562991715
2012,Legal noncitizen,48,201969,44891,0.2222667835162822
2012,Legal noncitizen,49,190579,36877,0.1934998084783738
2012,Legal noncitizen,50,190758,36052,0.188993384287946
2012,Legal noncitizen,51,173777,33236,0.19125661048355075
2012,Legal noncitizen,52,165286,32839,0.19867986399332066
2012,Legal noncitizen,53,161717,34795,0.21515981622216587
2012,Legal noncitizen,54,145521,31815,0.2186282392232049
2012,Legal noncitizen,55,153992,34629,0.22487531819834797
2012,Legal noncitizen,56,137903,32649,0.23675337012247738
2012,Legal noncitizen,57,137174,32913,0.23993613950165482
2012,Legal noncitizen,58,125705,31932,0.25402330853983535
2012,Legal noncitizen,59,117091,29135,0.2488235645779778
2012,Legal noncitizen,60,119048,28487,0.23929003427189033
2012,Legal noncitizen,61,103767,28548,0.27511636647489085
2012,Legal noncitizen,62,107642,28341,0.26328942234443803
2012,Legal noncitizen,63,92763,25174,0.27137975270312514
2012,Legal noncitizen,64,100900,26924,0.26683845391476707
2012,Legal noncitizen,65,100872,32985,0.32699857244825126
2012,Legal noncitizen,66,82997,28092,0.3384700651830789
2012,Legal noncitizen,67,87343,27388,0.31356834548847645
2012,Legal noncitizen,68,77812,29993,0.38545468565259855
2012,Legal noncitizen,69,75203,27424,0.36466630320598914
2012,Legal noncitizen,70,74072,27300,0.3685603196889513
2012,Legal noncitizen,71,66938,24954,0.3727927335743524
2012,Legal noncitizen,72,65917,29261,0.44390673119225693
2012,Legal noncitizen,73,62148,23255,0.37418742356954365
2012,Legal noncitizen,74,56741,24954,0.43978780775805854
2012,Legal noncitizen,75,54201,20513,0.3784616519990406
2012,Legal noncitizen,76,50699,22390,0.4416260675752973
2012,Legal noncitizen,77,42929,18909,0.4404714761583079
2012,Legal noncitizen,78,36221,17686,0.48828027939593055
2012,Legal noncitizen,79,34916,15788,0.4521709245045252
2012,Legal noncitizen,80,34399,15935,0.46324021047123465
2012,Legal noncitizen,81,29435,14238,0.48370986920332937
2012,Legal noncitizen,82,28118,13638,0.4850273845934988
2012,Legal noncitizen,83,27189,11719,0.43101989775276767
2012,Legal noncitizen,84,25895,14593,0.5635450859239235
2012,Legal noncitizen,85,22968,12023,0.5234674329501916
2012,Legal noncitizen,86,17221,9286,0.539225364380698
2012,Legal noncitizen,87,14054,8298,0.5904368862957166
2012,Legal noncitizen,88,16051,9019,0.5618964550495297
2012,Legal noncitizen,89,9751,5693,0.5838375551225515
2012,Legal noncitizen,90,5757,2161,0.3753691158589543
2012,Legal noncitizen,91,1499,581,0.3875917278185457
2012,Legal noncitizen,92,4766,2416,0.5069240453210239
2012,Legal noncitizen,93,20352,11353,0.5578321540880503
2012,Legal noncitizen,94,12499,7291,0.58332666613329065
2012,Legal noncitizen,95,398,398,1
2012,Native-born,0,3655757,1717610,0.469837026913988
2012,Native-born,1,3808748,1690629,0.44388050876561014
2012,Native-born,2,3928076,1743285,0.4438012400982058
2012,Native-born,3,4037800,1767620,0.4377680915349943
2012,Native-born,4,4137706,1801239,0.4353230993212181
2012,Native-born,5,4129451,1751472,0.42414161107614545
2012,Native-born,6,4003352,1622592,0.4053083516013581
2012,Native-born,7,4001060,1569021,0.3921513298975771
2012,Native-born,8,3966936,1504029,0.3791412314189087
2012,Native-born,9,3882426,1444065,0.37194913695715
2012,Native-born,10,3967588,1408832,0.35508525582797407
2012,Native-born,11,3973941,1399891,0.35226768590676105
2012,Native-born,12,4011231,1374637,0.34269704237925963
2012,Native-born,13,3968403,1308200,0.32965401951364315
2012,Native-born,14,3908281,1228057,0.3142192181166093
2012,Native-born,15,3887364,1210012,0.3112679954848581
2012,Native-born,16,3904263,1161761,0.2975621775479777
2012,Native-born,17,3889173,1123717,0.28893469125698445
2012,Native-born,18,4215944,975721,0.23143594886459593
2012,Native-born,19,3961274,515908,0.13023789821153497
2012,Native-born,20,4425884,577108,0.13039383770564253
2012,Native-born,21,4282988,487965,0.11393097529108183
2012,Native-born,22,4006251,468777,0.11701139044957493
2012,Native-born,23,3791152,461910,0.12183895554702107
2012,Native-born,24,3569139,457185,0.12809391844923945
2012,Native-born,25,3735501,458659,0.12278379794303361
2012,Native-born,26,3613478,457428,0.1265893966975861
2012,Native-born,27,3507689,454971,0.12970676704804787
2012,Native-born,28,3410180,461028,0.1351916907611915
2012,Native-born,29,3372748,454005,0.1346098196485477
2012,Native-born,30,3605888,475039,0.13173980999964502
2012,Native-born,31,3399555,445475,0.13103920954360204
2012,Native-born,32,3398418,457812,0.1347132695271741
2012,Native-born,33,3118110,401684,0.12882290874921026
2012,Native-born,34,3113933,387546,0.12445547158529101
2012,Native-born,35,3172206,386085,0.12170867844017697
2012,Native-born,36,3017820,352004,0.11664181428978534
2012,Native-born,37,2996058,336942,0.11246177477205048
2012,Native-born,38,2952302,338952,0.11480939280602052
2012,Native-born,39,2984492,323841,0.10850791357457149
2012,Native-born,40,3416056,371174,0.10865571290400391
2012,Native-born,41,3435487,337637,0.098279225041457
2012,Native-born,42,3445483,335476,0.0973669003736196
2012,Native-born,43,3274098,329487,0.10063443427777666
2012,Native-born,44,3226240,311733,0.0966242437016465
2012,Native-born,45,3369222,314592,0.09337229781830939
2012,Native-born,46,3334532,323877,0.09712817270909381
2012,Native-born,47,3528579,342567,0.09708355686524235
2012,Native-born,48,3733799,356704,0.0955337981503557
2012,Native-born,49,3722222,353958,0.0950931997070567
2012,Native-born,50,3987004,373984,0.09380075866490227
2012,Native-born,51,3754663,365206,0.09726731799897886
2012,Native-born,52,3728168,364140,0.09767263707000329
2012,Native-born,53,3739912,377553,0.10095237535000824
2012,Native-born,54,3823630,388224,0.10153283659768335
2012,Native-born,55,3794926,367502,0.09684035999647951
2012,Native-born,56,3655998,359788,0.09841033829887215
2012,Native-born,57,3532588,339011,0.09596675298676212
2012,Native-born,58,3440827,342591,0.09956647050258557
2012,Native-born,59,3304872,319268,0.09660525430334367
2012,Native-born,60,3402187,329413,0.09682389592341632
2012,Native-born,61,3118707,310337,0.09950822568455453
2012,Native-born,62,3063690,288819,0.09427161364237244
2012,Native-born,63,3006846,275040,0.09147126257879519
2012,Native-born,64,2974265,271465,0.0912712888730493
2012,Native-born,65,3116920,329094,0.10558307560027207
2012,Native-born,66,2334403,263390,0.11282970421131228
2012,Native-born,67,2199984,256657,0.1166631211863359
2012,Native-born,68,2218786,256089,0.11541852166004292
2012,Native-born,69,2261207,269152,0.11903023473746543
2012,Native-born,70,2061676,243071,0.11789970878062314
2012,Native-born,71,1793510,221416,0.12345400917753456
2012,Native-born,72,1715914,216775,0.12633208890422248
2012,Native-born,73,1625696,212199,0.13052809381335748
2012,Native-born,74,1538030,203690,0.1324356481993199
2012,Native-born,75,1461189,197715,0.1353110377918257
2012,Native-born,76,1372567,192600,0.14032101893750906
2012,Native-born,77,1312142,187754,0.14308969608472255
2012,Native-born,78,1207319,174529,0.14455914302682224
2012,Native-born,79,1145053,161402,0.140955920817639
2012,Native-born,80,1148228,181680,0.15822641496288192
2012,Native-born,81,1070681,160067,0.1495001779241436
2012,Native-born,82,1029740,155063,0.15058461359178044
2012,Native-born,83,949601,155914,0.16418895936293243
2012,Native-born,84,893667,157203,0.17590780458492927
2012,Native-born,85,834132,127690,0.15308128689464018
2012,Native-born,86,735398,123450,0.16786828356889738
2012,Native-born,87,668064,115986,0.17361510274464723
2012,Native-born,88,585633,106979,0.18267242453891772
2012,Native-born,89,459666,94490,0.2055622995827405
2012,Native-born,90,264557,52426,0.1981652347131242
2012,Native-born,91,66075,14704,0.22253499810821037
2012,Native-born,92,219586,48611,0.2213756796881404
2012,Native-born,93,741363,165166,0.22278694782448005
2012,Native-born,94,586201,147091,0.2509224651612672
2012,Native-born,95,33471,10844,0.3239819545278002
2012,Naturalized citizen,0,3765,1569,0.41673306772908364
2012,Naturalized citizen,1,5012,2969,0.5923782920989625
2012,Naturalized citizen,2,7746,2578,0.33281693777433513
2012,Naturalized citizen,3,12508,3963,0.31683722417652704
2012,Naturalized citizen,4,18224,4314,0.2367208077260755
2012,Naturalized citizen,5,21124,4670,0.22107555387237265
2012,Naturalized citizen,6,27063,5909,0.2183423862838562
2012,Naturalized citizen,7,30943,7056,0.22803218821704424
2012,Naturalized citizen,8,31025,6611,0.21308622078968573
2012,Naturalized citizen,9,33793,8684,0.25697629686621487
2012,Naturalized citizen,10,33845,8763,0.258915644851529
2012,Naturalized citizen,11,40262,11187,0.277855049426258
2012,Naturalized citizen,12,45881,13788,0.3005165536932499
2012,Naturalized citizen,13,51915,18233,0.3512087065395358
2012,Naturalized citizen,14,59318,19227,0.3241343268485114
2012,Naturalized citizen,15,59187,18601,0.31427509419298155
2012,Naturalized citizen,16,68703,20517,0.29863324745644293
2012,Naturalized citizen,17,76320,25569,0.33502358490566037
2012,Naturalized citizen,18,93112,24949,0.2679461293925595
2012,Naturalized citizen,19,92619,14538,0.15696563340135394
2012,Naturalized citizen,20,108484,19056,0.17565723977729436
2012,Naturalized citizen,21,112689,17142,0.1521177754705428
2012,Naturalized citizen,22,126367,17109,0.13539136008609842
2012,Naturalized citizen,23,122703,14348,0.11693275633032607
2012,Naturalized citizen,24,140909,15632,0.11093684576570695
2012,Naturalized citizen,25,166102,18729,0.11275601738690684
2012,Naturalized citizen,26,174394,19537,0.11202793674094293
2012,Naturalized citizen,27,189973,19494,0.10261458207218921
2012,Naturalized citizen,28,212461,20133,0.09476092082782252
2012,Naturalized citizen,29,206584,25697,0.12439007861208999
2012,Naturalized citizen,30,235145,27092,0.11521401688319972
2012,Naturalized citizen,31,226740,24667,0.1087898032989327
2012,Naturalized citizen,32,249618,27885,0.11171069394034085
2012,Naturalized citizen,33,251091,30263,0.12052602442939014
2012,Naturalized citizen,34,271237,33498,0.12350084981031349
2012,Naturalized citizen,35,297229,30150,0.10143693919503144
2012,Naturalized citizen,36,300842,32888,0.10931984230925203
2012,Naturalized citizen,37,341575,32413,0.09489277611066384
2012,Naturalized citizen,38,342838,35035,0.10219112233766385
2012,Naturalized citizen,39,369585,38877,0.10519095742522018
2012,Naturalized citizen,40,396761,44483,0.11211535407966004
2012,Naturalized citizen,41,371914,35328,0.09498970192033643
2012,Naturalized citizen,42,405387,43160,0.10646616689731048
2012,Naturalized citizen,43,405385,43555,0.10744107453408488
2012,Naturalized citizen,44,394761,37688,0.09547042387672541
2012,Naturalized citizen,45,404887,38525,0.09515000481615858
2012,Naturalized citizen,46,409630,41360,0.10096916729731709
2012,Naturalized citizen,47,403707,44231,0.10956213293304302
2012,Naturalized citizen,48,421389,35402,0.08401263440668835
2012,Naturalized citizen,49,414051,40460,0.09771743094449717
2012,Naturalized citizen,50,439652,41612,0.094647584908063645
2012,Naturalized citizen,51,387565,36889,0.09518145343361759
2012,Naturalized citizen,52,396815,36945,0.0931038393205902
2012,Naturalized citizen,53,385188,34146,0.08864762142122808
2012,Naturalized citizen,54,380416,39008,0.10254037685060566
2012,Naturalized citizen,55,390631,39696,0.10162019911374161
2012,Naturalized citizen,56,360219,41823,0.11610436984167964
2012,Naturalized citizen,57,364279,39012,0.10709373859047598
2012,Naturalized citizen,58,345333,38255,0.1107771339547625
2012,Naturalized citizen,59,332634,39689,0.1193173277536271
2012,Naturalized citizen,60,344039,45877,0.1333482541223524
2012,Naturalized citizen,61,315288,41864,0.13278018827230975
2012,Naturalized citizen,62,325604,42512,0.13056350659082813
2012,Naturalized citizen,63,301717,42889,0.14214976285724704
2012,Naturalized citizen,64,298539,43429,0.14547178090634724
2012,Naturalized citizen,65,298260,50130,0.16807483403741702
2012,Naturalized citizen,66,253645,49824,0.19643202113189695
2012,Naturalized citizen,67,224435,43270,0.19279524138391962
2012,Naturalized citizen,68,229692,47601,0.20723838879891332
2012,Naturalized citizen,69,207075,47313,0.2284824339007606
2012,Naturalized citizen,70,221316,49413,0.22326899094507402
2012,Naturalized citizen,71,197850,49671,0.2510538286580743
2012,Naturalized citizen,72,199815,51784,0.25915972274353777
2012,Naturalized citizen,73,187874,50923,0.2710486815631753
2012,Naturalized citizen,74,182435,52178,0.2860087154328939
2012,Naturalized citizen,75,177490,54773,0.3085976674742239
2012,Naturalized citizen,76,153784,50181,0.3263083285647402
2012,Naturalized citizen,77,140122,44906,0.32047786928533706
2012,Naturalized citizen,78,132505,43972,0.33185162824044373
2012,Naturalized citizen,79,115652,36911,0.319155743091343
2012,Naturalized citizen,80,126765,46794,0.3691397467755295
2012,Naturalized citizen,81,108522,36882,0.33985735611212475
2012,Naturalized citizen,82,108077,41037,0.37970150910924616
2012,Naturalized citizen,83,100312,37113,0.3699756758912194
2012,Naturalized citizen,84,88623,34107,0.3848549473612945
2012,Naturalized citizen,85,84769,34605,0.4082270641390131
2012,Naturalized citizen,86,75000,27711,0.36948
2012,Naturalized citizen,87,67488,25401,0.3763780227596017
2012,Naturalized citizen,88,55104,18289,0.3318996806039489
2012,Naturalized citizen,89,47370,16972,0.35828583491661387
2012,Naturalized citizen,90,27447,9927,0.3616788720078697
2012,Naturalized citizen,91,2687,769,0.2861927800521027
2012,Naturalized citizen,92,13531,5752,0.42509792328726625
2012,Naturalized citizen,93,83660,40174,0.48020559407124075
2012,Naturalized citizen,94,55082,19527,0.3545078246977234
2012,Naturalized citizen,95,2134,1165,0.5459231490159325
2012,Undocumented,0,5974.7905,848.5705,0.14202514715787942
2012,Undocumented,1,10373.05615625,554.19325,0.05342622672162881
2012,Undocumented,2,19104.1624778125,141.12636875,0.007387205218438842
2012,Undocumented,3,20231.868220371092,818.481946640625,0.04045508490493778
2012,Undocumented,4,25652.667747050295,1076.06755665625,0.04194758873684718
2012,Undocumented,5,22993.71951898964,693.179186629102,0.030146457429674724
2012,Undocumented,6,30024.093259742403,1219.1887804224807,0.040607014169424444
2012,Undocumented,7,36204.69110533715,335.559822045004,0.009268407264370697
2012,Undocumented,8,42950.41148612217,1943.6083412492774,0.04525237998889213
2012,Undocumented,9,47958.8571011994,4024.2744877231785,0.08391097559375608
2012,Undocumented,10,58968.1720746404,3302.7266108596414,0.05600863134572214
2012,Undocumented,11,64192.1930336128,3941.573341462028,0.06140269019003778
2012,Undocumented,12,80221.65117003815,3889.6371062149838,0.04848612624502695
2012,Undocumented,13,89982.43725076935,3906.257551328609,0.04341133304093973
2012,Undocumented,14,94710.31204061247,5379.336466238062,0.05679779055031899
2012,Undocumented,15,101594.24894941355,3008.4649788513116,0.029612551989525563
2012,Undocumented,16,108344.03670006618,5249.876811337338,0.048455613905828664
2012,Undocumented,17,123856.71908662458,6902.711458357088,0.05573142506325698
2012,Undocumented,18,171003.75531925843,3554.4609857242526,0.020785865076987285
2012,Undocumented,19,197710.0570078293,0,0
2012,Undocumented,20,245322.68745866427,0,0
2012,Undocumented,21,267950.35979034385,0,0
2012,Undocumented,22,273201.3613417445,0,0
2012,Undocumented,23,282041.8786702212,0,0
2012,Undocumented,24,290572.79864339164,0,0
2012,Undocumented,25,349508.4636760793,0,0
2012,Undocumented,26,320772.5336263434,0,0
2012,Undocumented,27,324987.29189516103,0,0
2012,Undocumented,28,347703.4063254338,0,0
2012,Undocumented,29,310866.555303889,0,0
2012,Undocumented,30,396164.5095220559,0,0
2012,Undocumented,31,320102.4090752995,0,0
2012,Undocumented,32,353017.97720051295,0,0
2012,Undocumented,33,332647.60780002363,0,0
2012,Undocumented,34,316696.0956325677,0,0
2012,Undocumented,35,353055.8384094491,0,0
2012,Undocumented,36,328373.0443360033,0,0
2012,Undocumented,37,308058.6111509364,0,0
2012,Undocumented,38,329145.80817343836,0,0
2012,Undocumented,39,304094.9121489372,0,0
2012,Undocumented,40,347765.8055725408,0,0
2012,Undocumented,41,255611.25854471064,0,0
2012,Undocumented,42,281093.4596929862,0,0
2012,Undocumented,43,262214.6497561456,0,0
2012,Undocumented,44,236149.98957073435,0,0
2012,Undocumented,45,249446.94369784038,0,0
2012,Undocumented,46,205549.1707976134,0,0
2012,Undocumented,47,197519.01138269712,0,0
2012,Undocumented,48,190528.17310307795,0,0
2012,Undocumented,49,167102.58897826308,0,0
2012,Undocumented,50,169633.40203375206,0,0
2012,Undocumented,51,148541.63351750758,0,0
2012,Undocumented,52,128040.44567785795,0,0
2012,Undocumented,53,114100.98238683131,0,0
2012,Undocumented,54,114288.29084799286,0,0
2012,Undocumented,55,116586.10446406585,0,0
2012,Undocumented,56,104220.19715229273,0,0
2012,Undocumented,57,89634.43954135923,0,0
2012,Undocumented,58,78545.86148994906,0,0
2012,Undocumented,59,75465.28987753125,0,0
2012,Undocumented,60,78586.61345374865,0,0
2012,Undocumented,61,62654.98406727688,0,0
2012,Undocumented,62,62187.240192069825,0,0
2012,Undocumented,63,45824.018714532685,0,0
2012,Undocumented,64,47106.54407272631,0,0
2012,Undocumented,65,34466.393882211705,0,0
2012,Undocumented,66,23983.8963754846,0,0
2012,Undocumented,67,20566.71175785773,0,0
2012,Undocumented,68,23274.072169101855,0,0
2012,Undocumented,69,19723.47444405165,0,0
2012,Undocumented,70,21734.130563199913,0,0
2012,Undocumented,71,16189.853772808536,0,0
2012,Undocumented,72,15958.842184882798,0,0
2012,Undocumented,73,12063.799494130688,0,0
2012,Undocumented,74,12014.31615735124,0,0
2012,Undocumented,75,12902.943348060913,0,0
2012,Undocumented,76,10062.430845867839,0,0
2012,Undocumented,77,11101.186685381756,0,0
2012,Undocumented,78,8148.38657760406,0,0
2012,Undocumented,79,7407.9456719588225,0,0
2012,Undocumented,80,4673.670869162086,0,0
2012,Undocumented,81,6793.147332316846,0,0
2012,Undocumented,82,5080.418306170643,0,0
2012,Undocumented,83,2823.71410561719,0,0
2012,Undocumented,84,3035.110865395738,0,0
2012,Undocumented,85,3481.5991870602234,0,0
2012,Undocumented,86,2688.894699555811,0,0
2012,Undocumented,87,2539.4776265942273,0,0
2012,Undocumented,88,1585.4727834143032,0,0
2012,Undocumented,89,1336.3458773713503,0,0
2012,Undocumented,90,304.8646782558161,0,0
2012,Undocumented,91,141.25,0,0
2012,Undocumented,92,1458.8579692430772,0,0
2012,Undocumented,93,1372.690816466078,0,0
2012,Undocumented,94,869.6705530978944,0,0
2013,Legal noncitizen,0,10500,6033,0.5745714285714286
2013,Legal noncitizen,1,18974,8644,0.45557078106883103
2013,Legal noncitizen,2,29800,11994,0.40248322147651006
2013,Legal noncitizen,3,28036,14400,0.5136253388500499
2013,Legal noncitizen,4,33548,17188,0.5123405270060808
2013,Legal noncitizen,5,41546,22792,0.5485967361478843
2013,Legal noncitizen,6,40244,27264,0.6774674485637611
2013,Legal noncitizen,7,48949,31509,0.6437108010378149
2013,Legal noncitizen,8,47135,27769,0.58913758353665
2013,Legal noncitizen,9,56086,37257,0.6642834218878152
2013,Legal noncitizen,10,58128,41326,0.7109482521332232
2013,Legal noncitizen,11,60991,40678,0.6669508616025315
2013,Legal noncitizen,12,80548,52469,0.6514004072106073
2013,Legal noncitizen,13,83068,57046,0.6867385756247893
2013,Legal noncitizen,14,90091,56596,0.6282092550865236
2013,Legal noncitizen,15,84974,56466,0.6645091439734507
2013,Legal noncitizen,16,90749,57127,0.6295055592899095
2013,Legal noncitizen,17,96191,57558,0.5983719890634259
2013,Legal noncitizen,18,93023,55262,0.5940681336873677
2013,Legal noncitizen,19,84770,35322,0.4166804293971924
2013,Legal noncitizen,20,101474,36116,0.3559138301436821
2013,Legal noncitizen,21,105281,29674,0.2818552255392711
2013,Legal noncitizen,22,108076,30957,0.28643732188459975
2013,Legal noncitizen,23,125786,31482,0.250282225366893
2013,Legal noncitizen,24,137902,32108,0.23283201113834462
2013,Legal noncitizen,25,180386,43403,0.24061179914184028
2013,Legal noncitizen,26,198633,42690,0.21491897116793282
2013,Legal noncitizen,27,205235,45044,0.21947523570541086
2013,Legal noncitizen,28,220823,44434,0.20121998161423402
2013,Legal noncitizen,29,236845,49396,0.20855833984251304
2013,Legal noncitizen,30,261027,59206,0.22681944779658808
2013,Legal noncitizen,31,257765,52498,0.20366613000213374
2013,Legal noncitizen,32,258294,52822,0.20450339535567996
2013,Legal noncitizen,33,251584,50127,0.19924558000508777
2013,Legal noncitizen,34,250084,54146,0.21651125221925432
2013,Legal noncitizen,35,291561,56489,0.19374676311303637
2013,Legal noncitizen,36,264862,51614,0.19487129146498933
2013,Legal noncitizen,37,259939,53238,0.20480958994225568
2013,Legal noncitizen,38,254934,50539,0.19824346693654044
2013,Legal noncitizen,39,244579,57628,0.23562121032468036
2013,Legal noncitizen,40,271327,59474,0.21919676257799628
2013,Legal noncitizen,41,240491,53471,0.22234096078439525
2013,Legal noncitizen,42,240038,55890,0.23283813396212266
2013,Legal noncitizen,43,231054,50946,0.2204939105144252
2013,Legal noncitizen,44,212744,47940,0.22534125521753845
2013,Legal noncitizen,45,232958,51312,0.22026288000412092
2013,Legal noncitizen,46,186940,43568,0.2330587354231304
2013,Legal noncitizen,47,199696,43909,0.2198792164089416
2013,Legal noncitizen,48,201833,43994,0.21797228401698435
2013,Legal noncitizen,49,187037,39961,0.21365291359463637
2013,Legal noncitizen,50,206151,40711,0.19748145776639453
2013,Legal noncitizen,51,163835,32960,0.2011780144657735
2013,Legal noncitizen,52,166912,36182,0.21677291027607362
2013,Legal noncitizen,53,157133,32326,0.20572381358467032
2013,Legal noncitizen,54,158896,30488,0.1918739301178129
2013,Legal noncitizen,55,162257,34489,0.21255785574736374
2013,Legal noncitizen,56,133887,27023,0.2018343827257314
2013,Legal noncitizen,57,132056,27337,0.20701066214333314
2013,Legal noncitizen,58,122262,28352,0.2318954376666503
2013,Legal noncitizen,59,117067,30537,0.2608506240016401
2013,Legal noncitizen,60,125091,35743,0.2857359842034998
2013,Legal noncitizen,61,104056,27551,0.2647708925962943
2013,Legal noncitizen,62,108797,26512,0.2436831897938362
2013,Legal noncitizen,63,104236,28798,0.276276910088645
2013,Legal noncitizen,64,98781,25282,0.2559399074720847
2013,Legal noncitizen,65,105077,29559,0.28130799318594935
2013,Legal noncitizen,66,100556,29726,0.29561637296630733
2013,Legal noncitizen,67,89650,29965,0.33424428332403794
2013,Legal noncitizen,68,76909,25737,0.33464223952983396
2013,Legal noncitizen,69,71917,22178,0.30838327516442565
2013,Legal noncitizen,70,76332,29402,0.3851857674369858
2013,Legal noncitizen,71,57508,21745,0.37812130486193224
2013,Legal noncitizen,72,71099,28066,0.39474535506828506
2013,Legal noncitizen,73,67334,30069,0.44656488549618323
2013,Legal noncitizen,74,49942,21121,0.42291057626847145
2013,Legal noncitizen,75,59661,28095,0.47091064514506964
2013,Legal noncitizen,76,48668,22797,0.4684186734610011
2013,Legal noncitizen,77,43224,18605,0.43043216731445494
2013,Legal noncitizen,78,43641,19882,0.455580761210788
2013,Legal noncitizen,79,35087,18287,0.5211901843987802
2013,Legal noncitizen,80,34301,17991,0.5245036587854581
2013,Legal noncitizen,81,29344,12927,0.440532988004362
2013,Legal noncitizen,82,26393,13892,0.5263516841586784
2013,Legal noncitizen,83,25744,11891,0.46189403356121816
2013,Legal noncitizen,84,24239,11784,0.4861586699121251
2013,Legal noncitizen,85,22212,13062,0.5880605078336034
2013,Legal noncitizen,86,17771,10359,0.5829159867199369
2013,Legal noncitizen,87,16804,7486,0.44548916924541776
2013,Legal noncitizen,88,12721,6693,0.5261378822419621
2013,Legal noncitizen,89,9748,4966,0.5094378334017234
2013,Legal noncitizen,90,6993,3607,0.5158015158015158
2013,Legal noncitizen,91,4602,1666,0.36201651455888745
2013,Legal noncitizen,92,4594,3261,0.7098389203308664
2013,Legal noncitizen,93,4017,2023,0.5036096589494647
2013,Legal noncitizen,94,21467,13402,0.6243070759770811
2013,Legal noncitizen,95,4642,2639,0.5685049547608789
2013,Native-born,0,3670192,1707970,0.4653625750369463
2013,Native-born,1,3788793,1658523,0.4377444215083801
2013,Native-born,2,3843115,1664353,0.4330739517292613
2013,Native-born,3,4007374,1753483,0.4375641005805797
2013,Native-born,4,4129919,1806875,0.4375085806767639
2013,Native-born,5,4089460,1758866,0.43009737226919936
2013,Native-born,6,4052481,1664759,0.4107999519306815
2013,Native-born,7,4041356,1611174,0.39867163397631883
2013,Native-born,8,3964932,1537040,0.3876586029722578
2013,Native-born,9,3960997,1494612,0.37733227265761626
2013,Native-born,10,3952296,1414415,0.3578717282308815
2013,Native-born,11,3933022,1407851,0.3579565535102524
2013,Native-born,12,4014362,1391619,0.34666006702933116
2013,Native-born,13,3976490,1324813,0.3331614061647332
2013,Native-born,14,3938877,1257858,0.31934432072897934
2013,Native-born,15,3899593,1231151,0.3157126910423729
2013,Native-born,16,3868147,1147177,0.29657016654227464
2013,Native-born,17,3850400,1114681,0.28949745480988986
2013,Native-born,18,4233989,980070,0.23147674686920539
2013,Native-born,19,3887218,529166,0.13612974626069338
2013,Native-born,20,4388275,574573,0.1309336812300961
2013,Native-born,21,4205926,476927,0.1133940540085584
2013,Native-born,22,4098251,479936,0.11710751732873365
2013,Native-born,23,3962203,468678,0.11828722556618124
2013,Native-born,24,3736984,475796,0.1273208555348377
2013,Native-born,25,3828833,482447,0.12600366743600466
2013,Native-born,26,3621402,478181,0.1320430595664331
2013,Native-born,27,3554861,466371,0.13119247137933102
2013,Native-born,28,3535219,469149,0.1327071957918307
2013,Native-born,29,3339376,449858,0.13471319192567713
2013,Native-born,30,3641574,475765,0.13064817576136034
2013,Native-born,31,3405160,452103,0.13276997262977364
2013,Native-born,32,3464495,459996,0.13277432930340496
2013,Native-born,33,3305038,429833,0.13005387532609308
2013,Native-born,34,3180554,428891,0.134847891279318
2013,Native-born,35,3302929,414585,0.12552040930943414
2013,Native-born,36,3097358,382452,0.12347684704189829
2013,Native-born,37,2985709,360160,0.12062796474807157
2013,Native-born,38,3019318,348084,0.1152856373525412
2013,Native-born,39,2927836,320758,0.10955463352455534
2013,Native-born,40,3263431,346834,0.10627894384774797
2013,Native-born,41,3095605,323305,0.1044400044579331
2013,Native-born,42,3463576,355257,0.10256942535691435
2013,Native-born,43,3407428,346617,0.10172393958140862
2013,Native-born,44,3208276,316931,0.0987854536205738
2013,Native-born,45,3278236,324125,0.09887177128187233
2013,Native-born,46,3204571,306480,0.09563838654222359
2013,Native-born,47,3351273,334892,0.0999297878746375
2013,Native-born,48,3514710,343752,0.09780380173613186
2013,Native-born,49,3689868,364640,0.0988219632789032
2013,Native-born,50,3958670,384141,0.09703789404017006
2013,Native-born,51,3693341,363440,0.09840412786146743
2013,Native-born,52,3777462,382981,0.1013857981893663
2013,Native-born,53,3727072,378611,0.10158403164736286
2013,Native-born,54,3696249,386347,0.10452407291824767
2013,Native-born,55,3811830,383369,0.10057347783085814
2013,Native-born,56,3716561,378211,0.10176370036708667
2013,Native-born,57,3600624,376456,0.10455298859308831
2013,Native-born,58,3488171,351017,0.10063067435627439
2013,Native-born,59,3418134,346255,0.10129942243340957
2013,Native-born,60,3473609,348867,0.10043358363016679
2013,Native-born,61,3199812,326806,0.10213287530642426
2013,Native-born,62,3170400,306185,0.09657614181175878
2013,Native-born,63,2983648,281141,0.09422726809596843
2013,Native-born,64,2984454,275065,0.09216593722000742
2013,Native-born,65,3047653,324522,0.10648259496734044
2013,Native-born,66,2965346,308191,0.10393087349671842
2013,Native-born,67,2316238,256557,0.1107645241982905
2013,Native-born,68,2199476,243060,0.11050813921133942
2013,Native-born,69,2173206,240812,0.11080955970119721
2013,Native-born,70,2321994,262658,0.11311743268931788
2013,Native-born,71,1945198,229061,0.11775716405219418
2013,Native-born,72,1758712,210740,0.11982632744872383
2013,Native-born,73,1648194,204003,0.12377365771262364
2013,Native-born,74,1548222,200665,0.12960996549590434
2013,Native-born,75,1530495,192471,0.1257573530132408
2013,Native-born,76,1372295,182575,0.13304355113149868
2013,Native-born,77,1332878,176120,0.13213512414489548
2013,Native-born,78,1270045,170931,0.13458656976721298
2013,Native-born,79,1133157,157712,0.13917930172076773
2013,Native-born,80,1150075,170228,0.1480146946938243
2013,Native-born,81,1072266,161522,0.15063612946787458
2013,Native-born,82,1024402,158499,0.15472343865006122
2013,Native-born,83,950591,150242,0.1580511492324249
2013,Native-born,84,866618,128195,0.14792561428449444
2013,Native-born,85,819735,131071,0.1598943561028869
2013,Native-born,86,747061,128119,0.1714973743777282
2013,Native-born,87,673122,112707,0.16743918635849073
2013,Native-born,88,594628,101503,0.17070000067268948
2013,Native-born,89,465611,88096,0.18920515194013887
2013,Native-born,90,300804,55108,0.18320235103256605
2013,Native-born,91,145037,29108,0.2006936161117508
2013,Native-born,92,206818,48513,0.23456855786246844
2013,Native-born,93,503941,113929,0.22607606842864542
2013,Native-born,94,640857,136119,0.21240151859151105
2013,Native-born,95,184215,55176,0.2995195830958391
2013,Naturalized citizen,0,3452,1090,0.31575898030127464
2013,Naturalized citizen,1,5068,2302,0.4542225730071034
2013,Naturalized citizen,2,5552,1526,0.27485590778097985
2013,Naturalized citizen,3,12788,3944,0.3084141382546137
2013,Naturalized citizen,4,11864,3348,0.28219824679703304
2013,Naturalized citizen,5,19361,5575,0.28795000258251124
2013,Naturalized citizen,6,22786,4911,0.21552707803036952
2013,Naturalized citizen,7,22702,6228,0.274337062813849
2013,Naturalized citizen,8,30851,7174,0.23253703283524035
2013,Naturalized citizen,9,34006,8526,0.2507204610951009
2013,Naturalized citizen,10,43963,9633,0.21911607488115006
2013,Naturalized citizen,11,40346,13845,0.3431566945917811
2013,Naturalized citizen,12,47318,13916,0.2940952702988292
2013,Naturalized citizen,13,51936,13997,0.269504775107825
2013,Naturalized citizen,14,66391,16358,0.24638881776144356
2013,Naturalized citizen,15,68318,23996,0.3512397903919904
2013,Naturalized citizen,16,74783,21466,0.28704384686359197
2013,Naturalized citizen,17,80488,23051,0.28639051784116887
2013,Naturalized citizen,18,98379,23777,0.2416877585663607
2013,Naturalized citizen,19,96455,16943,0.175657042144005
2013,Naturalized citizen,20,109059,16790,0.1539533646925059
2013,Naturalized citizen,21,122783,16411,0.13365856836858522
2013,Naturalized citizen,22,121447,15164,0.1248610504993948
2013,Naturalized citizen,23,133212,16512,0.12395279704531123
2013,Naturalized citizen,24,153839,20461,0.13300268462483505
2013,Naturalized citizen,25,185619,17956,0.09673578674596889
2013,Naturalized citizen,26,178352,21751,0.12195545886785682
2013,Naturalized citizen,27,196701,21186,0.10770662070858816
2013,Naturalized citizen,28,204908,25883,0.1263152243933863
2013,Naturalized citizen,29,213927,23556,0.11011232803713417
2013,Naturalized citizen,30,258895,29627,0.11443635450665328
2013,Naturalized citizen,31,234289,28981,0.12369765545971001
2013,Naturalized citizen,32,254214,36275,0.14269473750462208
2013,Naturalized citizen,33,263618,33599,0.12745336054442413
2013,Naturalized citizen,34,264714,26520,0.10018359436977266
2013,Naturalized citizen,35,308116,39617,0.12857819782159965
2013,Naturalized citizen,36,293646,34250,0.11663703915599055
2013,Naturalized citizen,37,314840,33654,0.10689238978528777
2013,Naturalized citizen,38,336318,33927,0.10087774070968547
2013,Naturalized citizen,39,351057,31255,0.08903112599948157
2013,Naturalized citizen,40,407435,42532,0.10438965724594107
2013,Naturalized citizen,41,379453,35829,0.09442276118517971
2013,Naturalized citizen,42,401101,37412,0.09327326533715947
2013,Naturalized citizen,43,414903,42739,0.10300961911579333
2013,Naturalized citizen,44,417622,45431,0.10878497780289352
2013,Naturalized citizen,45,447785,47865,0.10689281686523666
2013,Naturalized citizen,46,396667,37262,0.09393773618677631
2013,Naturalized citizen,47,411680,42049,0.1021400116595414
2013,Naturalized citizen,48,432715,37019,0.08555053557191222
2013,Naturalized citizen,49,438725,43298,0.09869052367656277
2013,Naturalized citizen,50,471848,46314,0.09815449042912124
2013,Naturalized citizen,51,405813,36292,0.089430353389369
2013,Naturalized citizen,52,415668,36729,0.08836138456652906
2013,Naturalized citizen,53,406718,38040,0.093529177464484
2013,Naturalized citizen,54,398044,38831,0.0975545417089568
2013,Naturalized citizen,55,400757,41236,0.10289527070019987
2013,Naturalized citizen,56,381218,40236,0.10554590811556643
2013,Naturalized citizen,57,374107,41015,0.10963440940693438
2013,Naturalized citizen,58,383292,40812,0.10647756801602956
2013,Naturalized citizen,59,353045,37123,0.1051509014431588
2013,Naturalized citizen,60,363494,46905,0.12903926887376407
2013,Naturalized citizen,61,314952,40809,0.12957212527623257
2013,Naturalized citizen,62,324725,45702,0.14074062668411733
2013,Naturalized citizen,63,324665,43271,0.13327891826960098
2013,Naturalized citizen,64,306372,40225,0.13129463527998642
2013,Naturalized citizen,65,316295,55634,0.17589275834268642
2013,Naturalized citizen,66,292724,49224,0.16815840177095148
2013,Naturalized citizen,67,267420,53675,0.2007142322937701
2013,Naturalized citizen,68,235034,50519,0.21494336989541937
2013,Naturalized citizen,69,229886,51832,0.22546827558007013
2013,Naturalized citizen,70,226559,53365,0.23554570774058856
2013,Naturalized citizen,71,200275,48705,0.24319061290725252
2013,Naturalized citizen,72,202085,48539,0.24019100873394858
2013,Naturalized citizen,73,189035,47901,0.25339751897796703
2013,Naturalized citizen,74,195838,51343,0.26217077380283704
2013,Naturalized citizen,75,175010,51082,0.2918804639734872
2013,Naturalized citizen,76,163700,47191,0.2882773365913256
2013,Naturalized citizen,77,155440,47143,0.3032874420998456
2013,Naturalized citizen,78,135116,42988,0.318156250925131
2013,Naturalized citizen,79,131678,46401,0.35238232658454716
2013,Naturalized citizen,80,132032,50562,0.3829526175472613
2013,Naturalized citizen,81,107110,39834,0.37189804873494536
2013,Naturalized citizen,82,104301,37716,0.36160727126297926
2013,Naturalized citizen,83,107311,42183,0.3930911090195786
2013,Naturalized citizen,84,101689,38154,0.3752028242976133
2013,Naturalized citizen,85,83996,26050,0.31013381589599504
2013,Naturalized citizen,86,76590,26736,0.3490795142969056
2013,Naturalized citizen,87,68865,26394,0.38327161838379437
2013,Naturalized citizen,88,59358,20619,0.3473668250277974
2013,Naturalized citizen,89,47606,16683,0.3504390202915599
2013,Naturalized citizen,90,43558,15009,0.34457504935947475
2013,Naturalized citizen,91,18383,6378,0.34695098732524615
2013,Naturalized citizen,92,13584,5562,0.409452296819788
2013,Naturalized citizen,93,20298,5417,0.26687358360429597
2013,Naturalized citizen,94,85645,36900,0.43084826901745576
2013,Naturalized citizen,95,28820,12201,0.42335183900069395
2013,Undocumented,0,8462.68175,0,0
2013,Undocumented,1,15470.6485,562.10625,0.036333722532704435
2013,Undocumented,2,21159.451634375,410.62955546875,0.019406436544964795
2013,Undocumented,3,22833.370829835938,622.03732171875,0.027242465703134183
2013,Undocumented,4,24476.628188762603,1091.6526275,0.044599796143538505
2013,Undocumented,5,25665.161305098663,944.001226490137,0.036781425811752096
2013,Undocumented,6,31543.815282325373,609.6795019920698,0.019328020296063723
2013,Undocumented,7,32997.52280062435,2267.664655461429,0.06872226952195704
2013,Undocumented,8,36821.004077436475,2021.4884851009997,0.05490041718714962
2013,Undocumented,9,43776.98611316926,2226.6410237153746,0.050863278206480796
2013,Undocumented,10,51120.30579352977,3353.4495191713186,0.0655991678280563
2013,Undocumented,11,60328.093716636926,2369.719753623851,0.03928053428564317
2013,Undocumented,12,68183.67289129471,4575.044275200044,0.06709882412016789
2013,Undocumented,13,84316.21537285663,1780.646832175653,0.021118675978296874
2013,Undocumented,14,86512.01923770856,2345.929160862038,0.027116800434586346
2013,Undocumented,15,99633.2260904415,4730.579838995118,0.047479942431061704
2013,Undocumented,16,111181.00291953399,4379.532003485293,0.039391010051015016
2013,Undocumented,17,127470.0784483596,3713.911647173331,0.029135556299809625
2013,Undocumented,18,173796.44872710842,3100.8090516707443,0.017841613418347634
2013,Undocumented,19,183868.73042890424,0,0
2013,Undocumented,20,220294.1424280507,0,0
2013,Undocumented,21,255825.18169182038,0,0
2013,Undocumented,22,268834.24398899847,0,0
2013,Undocumented,23,273729.40707214206,0,0
2013,Undocumented,24,275737.4566761624,0,0
2013,Undocumented,25,321791.7868658159,0,0
2013,Undocumented,26,311211.6546580757,0,0
2013,Undocumented,27,304597.5016586899,0,0
2013,Undocumented,28,330286.40225048293,0,0
2013,Undocumented,29,304815.8029606486,0,0
2013,Undocumented,30,382872.904832876,0,0
2013,Undocumented,31,315613.6052833955,0,0
2013,Undocumented,32,342622.56926335645,0,0
2013,Undocumented,33,344487.9701537445,0,0
2013,Undocumented,34,329304.79205827246,0,0
2013,Undocumented,35,366242.12162069633,0,0
2013,Undocumented,36,334581.0051671853,0,0
2013,Undocumented,37,328151.07076739386,0,0
2013,Undocumented,38,332694.2968564775,0,0
2013,Undocumented,39,299448.74414351844,0,0
2013,Undocumented,40,357216.24613207625,0,0
2013,Undocumented,41,266483.8325463677,0,0
2013,Undocumented,42,280099.6633846164,0,0
2013,Undocumented,43,266104.9532861424,0,0
2013,Undocumented,44,241878.45415464506,0,0
2013,Undocumented,45,255581.8565859172,0,0
2013,Undocumented,46,196217.5160637587,0,0
2013,Undocumented,47,194336.77531420573,0,0
2013,Undocumented,48,208124.97973339717,0,0
2013,Undocumented,49,173842.23254170516,0,0
2013,Undocumented,50,195756.6865705231,0,0
2013,Undocumented,51,145888.7272029292,0,0
2013,Undocumented,52,136042.64272336615,0,0
2013,Undocumented,53,119574.40889814064,0,0
2013,Undocumented,54,118101.39778922516,0,0
2013,Undocumented,55,111997.41124339425,0,0
2013,Undocumented,56,108018.90566319312,0,0
2013,Undocumented,57,93034.3196174414,0,0
2013,Undocumented,58,90945.36210985693,0,0
2013,Undocumented,59,74198.86685411721,0,0
2013,Undocumented,60,74002.89401156695,0,0
2013,Undocumented,61,58942.911716471375,0,0
2013,Undocumented,62,56206.15773205866,0,0
2013,Undocumented,63,54953.1459948386,0,0
2013,Undocumented,64,50688.182773108165,0,0
2013,Undocumented,65,41821.18111864936,0,0
2013,Undocumented,66,27338.310016320807,0,0
2013,Undocumented,67,21729.46041269901,0,0
2013,Undocumented,68,22929.907095368188,0,0
2013,Undocumented,69,16441.380077320497,0,0
2013,Undocumented,70,16399.336321900886,0,0
2013,Undocumented,71,16086.86163772821,0,0
2013,Undocumented,72,16353.179695777191,0,0
2013,Undocumented,73,15078.134746599584,0,0
2013,Undocumented,74,11217.408817892805,0,0
2013,Undocumented,75,12516.842322122982,0,0
2013,Undocumented,76,12339.558289365557,0,0
2013,Undocumented,77,7878.857752770744,0,0
2013,Undocumented,78,9702.472029634155,0,0
2013,Undocumented,79,11944.11035065733,0,0
2013,Undocumented,80,8015.329465487057,0,0
2013,Undocumented,81,4854.460586333391,0,0
2013,Undocumented,82,5480.915000770642,0,0
2013,Undocumented,83,3515.789053208697,0,0
2013,Undocumented,84,1999.6993708119335,0,0
2013,Undocumented,85,2159.92827598896,0,0
2013,Undocumented,86,1656.0057607309614,0,0
2013,Undocumented,87,1482.2496880334354,0,0
2013,Undocumented,88,2905.585709708569,0,0
2013,Undocumented,89,1355.818155061396,0,0
2013,Undocumented,90,1187.1666721601812,0,0
2013,Undocumented,91,245.850329138269,0,0
2013,Undocumented,92,826.535122418167,0,0
2013,Undocumented,93,151.7611826388778,0,0
2013,Undocumented,94,2126.5202362446657,0,0
2013,Undocumented,95,188.8588571741455,0,0
2014,Legal noncitizen,0,8651,5128,0.5927638423303664
2014,Legal noncitizen,1,25046,11875,0.47412760520642017
2014,Legal noncitizen,2,31292,16123,0.5152435127189058
2014,Legal noncitizen,3,35389,17827,0.5037441012744073
2014,Legal noncitizen,4,34909,21238,0.6083817926609184
2014,Legal noncitizen,5,41858,21124,0.504658607673563
2014,Legal noncitizen,6,44469,28963,0.6513076525219816
2014,Legal noncitizen,7,48196,31660,0.6569009876338285
2014,Legal noncitizen,8,47512,28831,0.6068151203906381
2014,Legal noncitizen,9,53294,32984,0.6189064435020828
2014,Legal noncitizen,10,58439,36175,0.61902154383203
2014,Legal noncitizen,11,61551,42118,0.6842780783415379
2014,Legal noncitizen,12,69325,45879,0.6617958889289578
2014,Legal noncitizen,13,71581,47042,0.6571855660021514
2014,Legal noncitizen,14,85048,59077,0.6946312670491958
2014,Legal noncitizen,15,86895,60076,0.6913631394211405
2014,Legal noncitizen,16,95294,66983,0.7029088924801141
2014,Legal noncitizen,17,89276,64272,0.7199247278103857
2014,Legal noncitizen,18,94137,60356,0.6411506633948394
2014,Legal noncitizen,19,94492,45178,0.47811454937984166
2014,Legal noncitizen,20,108627,45716,0.42085301076159704
2014,Legal noncitizen,21,110218,45011,0.4083815710682466
2014,Legal noncitizen,22,115899,39711,0.34263453524189164
2014,Legal noncitizen,23,123607,39508,0.31962591115389904
2014,Legal noncitizen,24,143806,38943,0.27080233091804234
2014,Legal noncitizen,25,179615,50343,0.2802828271580881
2014,Legal noncitizen,26,203099,53259,0.2622317195062506
2014,Legal noncitizen,27,220220,54261,0.24639451457633277
2014,Legal noncitizen,28,228216,56480,0.24748483892452763
2014,Legal noncitizen,29,247483,57705,0.2331675306990783
2014,Legal noncitizen,30,291172,65258,0.22412182490074595
2014,Legal noncitizen,31,270269,61480,0.22747706914222496
2014,Legal noncitizen,32,269351,67054,0.2489465418728722
2014,Legal noncitizen,33,272250,59778,0.2195702479338843
2014,Legal noncitizen,34,264983,63813,0.24081922236520834
2014,Legal noncitizen,35,294354,66998,0.22761029236905223
2014,Legal noncitizen,36,268086,62612,0.23355191990629873
2014,Legal noncitizen,37,264601,65501,0.24754630556951787
2014,Legal noncitizen,38,264448,63627,0.24060306752178123
2014,Legal noncitizen,39,256162,65221,0.25460841186436706
2014,Legal noncitizen,40,265735,67843,0.25530321560953584
2014,Legal noncitizen,41,236156,61764,0.2615389827063467
2014,Legal noncitizen,42,242120,61220,0.25284982653229804
2014,Legal noncitizen,43,235955,60621,0.25691763259943634
2014,Legal noncitizen,44,226800,60767,0.2679320987654321
2014,Legal noncitizen,45,232211,60278,0.2595828793640267
2014,Legal noncitizen,46,210332,52052,0.2474754198124869
2014,Legal noncitizen,47,207882,53293,0.256361782164882
2014,Legal noncitizen,48,200898,50296,0.2503559020000199
2014,Legal noncitizen,49,199278,52205,0.26197071427854557
2014,Legal noncitizen,50,211726,54609,0.25792297592171015
2014,Legal noncitizen,51,176792,45837,0.25927078148332505
2014,Legal noncitizen,52,172969,47096,0.2722800039313403
2014,Legal noncitizen,53,176225,39611,0.22477514541069654
2014,Legal noncitizen,54,159261,46375,0.29118867770515067
2014,Legal noncitizen,55,157042,41386,0.2635345958406031
2014,Legal noncitizen,56,151092,42624,0.28210626638074815
2014,Legal noncitizen,57,150048,37609,0.2506464597995308
2014,Legal noncitizen,58,148248,47835,0.3226687712481787
2014,Legal noncitizen,59,129829,39552,0.3046468816674241
2014,Legal noncitizen,60,131504,43114,0.3278531451514783
2014,Legal noncitizen,61,107463,36451,0.33919581623442485
2014,Legal noncitizen,62,106747,34842,0.32639793155779556
2014,Legal noncitizen,63,106906,39953,0.3737208388677904
2014,Legal noncitizen,64,108416,33897,0.3126568034238489
2014,Legal noncitizen,65,110217,32857,0.29811190651169966
2014,Legal noncitizen,66,100055,30906,0.3088901104392584
2014,Legal noncitizen,67,94652,31946,0.33751003676625957
2014,Legal noncitizen,68,86265,33270,0.3856720570335594
2014,Legal noncitizen,69,82528,32055,0.3884136293136875
2014,Legal noncitizen,70,82989,30047,0.3620600320524407
2014,Legal noncitizen,71,68030,28313,0.41618403645450536
2014,Legal noncitizen,72,71174,27315,0.3837777840222553
2014,Legal noncitizen,73,68433,30147,0.4405330761474727
2014,Legal noncitizen,74,60381,25083,0.4154121329557311
2014,Legal noncitizen,75,59195,25051,0.42319452656474366
2014,Legal noncitizen,76,45719,19674,0.4303243727990551
2014,Legal noncitizen,77,44946,18784,0.4179237306990611
2014,Legal noncitizen,78,40144,16669,0.41523017138302115
2014,Legal noncitizen,79,42413,19576,0.4615565982128121
2014,Legal noncitizen,80,35924,16386,0.4561296069480013
2014,Legal noncitizen,81,29878,15140,0.506727357922217
2014,Legal noncitizen,82,29586,11906,0.4024200635435679
2014,Legal noncitizen,83,29894,14620,0.4890613501036997
2014,Legal noncitizen,84,24806,13329,0.5373296783036362
2014,Legal noncitizen,85,19521,10190,0.522001946621587
2014,Legal noncitizen,86,16058,6265,0.3901482127288579
2014,Legal noncitizen,87,13193,7718,0.5850072007882968
2014,Legal noncitizen,88,14350,7902,0.5506620209059233
2014,Legal noncitizen,89,10693,5406,0.505564387917329
2014,Legal noncitizen,90,7299,3476,0.47622962049595835
2014,Legal noncitizen,91,3066,2147,0.7002609262883236
2014,Legal noncitizen,92,6683,3641,0.5448152027532546
2014,Legal noncitizen,93,4279,2246,0.5248889927553166
2014,Legal noncitizen,94,22697,15234,0.6711900251134512
2014,Legal noncitizen,95,3954,2791,0.7058674759736975
2014,Legal noncitizen,96,531,372,0.7005649717514124
2014,Native-born,0,3711384,1713580,0.46170916294298836
2014,Native-born,1,3817406,1704146,0.4464146595882125
2014,Native-born,2,3884844,1701875,0.4380806539464648
2014,Native-born,3,3936342,1693376,0.4301902629395515
2014,Native-born,4,4079136,1761053,0.43172206075011965
2014,Native-born,5,3923055,1679169,0.4280258624974669
2014,Native-born,6,4027242,1690650,0.4198034287485083
2014,Native-born,7,4100662,1682108,0.41020401096213244
2014,Native-born,8,4019261,1600650,0.39824485147891614
2014,Native-born,9,3908994,1503268,0.38456646390350047
2014,Native-born,10,4005074,1493721,0.37295715385034084
2014,Native-born,11,3910132,1434912,0.3669727773896124
2014,Native-born,12,3931964,1415561,0.36001372342167937
2014,Native-born,13,4066806,1421790,0.34960851341322896
2014,Native-born,14,4011955,1351815,0.336946700548735
2014,Native-born,15,3913407,1273090,0.3253150004586796
2014,Native-born,16,3875052,1227677,0.3168156195065253
2014,Native-born,17,3864296,1139701,0.29493108188399647
2014,Native-born,18,4182322,1042364,0.24923092961278448
2014,Native-born,19,3874366,609994,0.1574435662505814
2014,Native-born,20,4268229,619634,0.1451735602752336
2014,Native-born,21,4167738,559609,0.1342716360769319
2014,Native-born,22,4053598,554633,0.13682486521850465
2014,Native-born,23,4020063,559233,0.1391105064771373
2014,Native-born,24,3877298,555966,0.14339006184203534
2014,Native-born,25,3999655,563313,0.140840397484283
2014,Native-born,26,3674427,567523,0.15445210913157345
2014,Native-born,27,3601071,572975,0.15911238628730176
2014,Native-born,28,3588563,561338,0.15642417313002446
2014,Native-born,29,3484615,532020,0.1526768380438011
2014,Native-born,30,3639735,554499,0.15234598123215015
2014,Native-born,31,3409009,513250,0.15055695071500252
2014,Native-born,32,3421524,498292,0.1456345184192775
2014,Native-born,33,3417307,511357,0.14963741917246534
2014,Native-born,34,3364166,493380,0.1466574479380625
2014,Native-born,35,3378825,470391,0.13921733146877982
2014,Native-born,36,3151716,453437,0.14386987913885643
2014,Native-born,37,3091766,409669,0.13250323601462724
2014,Native-born,38,2981314,390701,0.13104993301611303
2014,Native-born,39,2998209,386239,0.12882324080809576
2014,Native-born,40,3189567,400482,0.1255599898042587
2014,Native-born,41,2961206,347504,0.11735218691303476
2014,Native-born,42,3229608,371906,0.11515515195652228
2014,Native-born,43,3419986,408733,0.1195130623341733
2014,Native-born,44,3361042,382625,0.11384118377574573
2014,Native-born,45,3360840,373511,0.11113620404422704
2014,Native-born,46,3171136,359524,0.1133738824194232
2014,Native-born,47,3240032,356807,0.11012452963427521
2014,Native-born,48,3326285,369194,0.11099289447536817
2014,Native-born,49,3540087,406671,0.11487599033583074
2014,Native-born,50,3859129,428355,0.11099784433223145
2014,Native-born,51,3626288,417845,0.11522664498793256
2014,Native-born,52,3706807,437775,0.11810029494386948
2014,Native-born,53,3753413,446928,0.11907242821400149
2014,Native-born,54,3743827,428771,0.11452746080414507
2014,Native-born,55,3764082,451098,0.11984276644345156
2014,Native-born,56,3673143,447075,0.12171456433904153
2014,Native-born,57,3654043,444440,0.12162965788853607
2014,Native-born,58,3566009,422292,0.11842146220045996
2014,Native-born,59,3453066,403095,0.11673538820283191
2014,Native-born,60,3529684,421659,0.11946083558754834
2014,Native-born,61,3324513,388362,0.11681771134599263
2014,Native-born,62,3272359,365737,0.1117655489510778
2014,Native-born,63,3121650,341106,0.10927105857479218
2014,Native-born,64,2983167,328572,0.11014200680015568
2014,Native-born,65,3025843,337850,0.11165483470226313
2014,Native-born,66,2897105,298345,0.1029803890435452
2014,Native-born,67,2943355,317123,0.10774201548912721
2014,Native-born,68,2252870,245028,0.1087626005939091
2014,Native-born,69,2157588,241943,0.11213586653244272
2014,Native-born,70,2213744,258157,0.11661556169096336
2014,Native-born,71,2200470,251044,0.11408653605820575
2014,Native-born,72,1895667,216366,0.11413713484488573
2014,Native-born,73,1747727,205021,0.11730722246666671
2014,Native-born,74,1603638,192667,0.12014369826606752
2014,Native-born,75,1556589,193378,0.12423189422512944
2014,Native-born,76,1453002,186098,0.1280782820670584
2014,Native-born,77,1321703,181483,0.13730997054557642
2014,Native-born,78,1292056,172525,0.13352749416433962
2014,Native-born,79,1216657,161727,0.13292735750503223
2014,Native-born,80,1124043,154772,0.13769224131105304
2014,Native-born,81,1065602,151562,0.14223133965589405
2014,Native-born,82,1011722,143591,0.14192732786279236
2014,Native-born,83,952649,150215,0.15768137057825074
2014,Native-born,84,908640,132843,0.14619981510829372
2014,Native-born,85,810521,134373,0.16578595742738314
2014,Native-born,86,738993,122047,0.16515312053023506
2014,Native-born,87,682061,118845,0.17424394592272538
2014,Native-born,88,584635,95147,0.16274598681228458
2014,Native-born,89,465417,87117,0.18718052842934402
2014,Native-born,90,313251,61648,0.1968006486810896
2014,Native-born,91,130369,23761,0.18225958625133276
2014,Native-born,92,237690,52940,0.22272708149270057
2014,Native-born,93,398790,90509,0.22695905112966724
2014,Native-born,94,812082,166539,0.2050765809364079
2014,Native-born,95,132626,42274,0.3187459472501621
2014,Native-born,96,11500,2749,0.23904347826086955
2014,Naturalized citizen,0,6461,3228,0.4996130629933447
2014,Naturalized citizen,1,6081,2837,0.46653510935701364
2014,Naturalized citizen,2,7570,2623,0.3464993394980185
2014,Naturalized citizen,3,10056,3041,0.302406523468576
2014,Naturalized citizen,4,13000,3167,0.24361538461538462
2014,Naturalized citizen,5,15634,5035,0.32205449660995267
2014,Naturalized citizen,6,20280,5396,0.2660749506903353
2014,Naturalized citizen,7,22579,5271,0.23344700828203196
2014,Naturalized citizen,8,32749,8160,0.24916791352407708
2014,Naturalized citizen,9,35326,10437,0.2954481118722754
2014,Naturalized citizen,10,40079,11456,0.2858354749369994
2014,Naturalized citizen,11,44349,12465,0.2810660894270446
2014,Naturalized citizen,12,45903,15683,0.3416552295056968
2014,Naturalized citizen,13,55540,16913,0.3045192653943104
2014,Naturalized citizen,14,63917,20459,0.3200869878123191
2014,Naturalized citizen,15,68943,23320,0.33825043876825783
2014,Naturalized citizen,16,75162,25016,0.3328277587078577
2014,Naturalized citizen,17,80573,23103,0.2867337693768384
2014,Naturalized citizen,18,103607,32962,0.31814452691420464
2014,Naturalized citizen,19,95995,18501,0.19272878795770612
2014,Naturalized citizen,20,119139,24255,0.2035857275954977
2014,Naturalized citizen,21,124419,20504,0.16479798101576126
2014,Naturalized citizen,22,134069,23667,0.17652850397929423
2014,Naturalized citizen,23,135011,18534,0.13727770329824976
2014,Naturalized citizen,24,132301,19383,0.14650682912449642
2014,Naturalized citizen,25,180612,25409,0.14068278962638142
2014,Naturalized citizen,26,188553,28302,0.15010103260091326
2014,Naturalized citizen,27,182430,32537,0.17835334100750974
2014,Naturalized citizen,28,207053,30558,0.1475854008393986
2014,Naturalized citizen,29,221178,32835,0.1484550904701191
2014,Naturalized citizen,30,260085,37974,0.1460061133860084
2014,Naturalized citizen,31,246094,37572,0.1526733687127683
2014,Naturalized citizen,32,260570,37672,0.14457535403154623
2014,Naturalized citizen,33,253771,34841,0.1372930713123249
2014,Naturalized citizen,34,265434,35042,0.13201775205889224
2014,Naturalized citizen,35,309590,45089,0.14564100907652056
2014,Naturalized citizen,36,308714,46034,0.14911536243902124
2014,Naturalized citizen,37,317609,42930,0.13516619491261267
2014,Naturalized citizen,38,354405,45681,0.1288949083675456
2014,Naturalized citizen,39,350606,43044,0.12277028915648905
2014,Naturalized citizen,40,417813,55416,0.13263349871832614
2014,Naturalized citizen,41,392097,54116,0.13801686827494217
2014,Naturalized citizen,42,422890,56712,0.13410579583343185
2014,Naturalized citizen,43,418712,47165,0.11264305775807715
2014,Naturalized citizen,44,419725,53676,0.12788373339686698
2014,Naturalized citizen,45,454668,60336,0.13270342315711683
2014,Naturalized citizen,46,435166,48815,0.11217558357040762
2014,Naturalized citizen,47,412796,51381,0.12447068285545403
2014,Naturalized citizen,48,424954,48494,0.11411588077768417
2014,Naturalized citizen,49,444345,53012,0.1193036942015776
2014,Naturalized citizen,50,501427,60968,0.12158898503670525
2014,Naturalized citizen,51,436070,47527,0.1089893824385993
2014,Naturalized citizen,52,437713,55218,0.1261511538382456
2014,Naturalized citizen,53,411028,49055,0.11934710044084589
2014,Naturalized citizen,54,416071,49974,0.12010930826709865
2014,Naturalized citizen,55,424769,52126,0.12271611158064737
2014,Naturalized citizen,56,397317,52777,0.1328334805709295
2014,Naturalized citizen,57,386931,55761,0.14411096552098437
2014,Naturalized citizen,58,380827,53005,0.13918393391224887
2014,Naturalized citizen,59,381460,54483,0.1428275572799245
2014,Naturalized citizen,60,374299,58136,0.15531967758396362
2014,Naturalized citizen,61,349754,62235,0.1779393516585943
2014,Naturalized citizen,62,339024,62415,0.18410201047713437
2014,Naturalized citizen,63,312667,53685,0.17170024338993242
2014,Naturalized citizen,64,349688,54748,0.15656242135846812
2014,Naturalized citizen,65,330812,58850,0.17789560233607005
2014,Naturalized citizen,66,298560,52360,0.17537513397642016
2014,Naturalized citizen,67,297794,54874,0.18426831971094113
2014,Naturalized citizen,68,257568,51306,0.1991939992545658
2014,Naturalized citizen,69,232617,51518,0.22147134560242804
2014,Naturalized citizen,70,235557,51319,0.21786234329695148
2014,Naturalized citizen,71,218477,49615,0.22709484293541196
2014,Naturalized citizen,72,212914,56971,0.26757751956188885
2014,Naturalized citizen,73,199690,57289,0.2868896790024538
2014,Naturalized citizen,74,192656,51724,0.268478531683415
2014,Naturalized citizen,75,191052,58148,0.30435692900362205
2014,Naturalized citizen,76,173953,49477,0.28442740280420575
2014,Naturalized citizen,77,165413,50306,0.30412361785349395
2014,Naturalized citizen,78,153013,50428,0.32956676883663477
2014,Naturalized citizen,79,136057,44886,0.329905848284175
2014,Naturalized citizen,80,140992,47128,0.33426009986382205
2014,Naturalized citizen,81,112958,41291,0.3655429451654597
2014,Naturalized citizen,82,108045,39661,0.36707853209310937
2014,Naturalized citizen,83,106050,37970,0.35803866100895804
2014,Naturalized citizen,84,94939,32372,0.3409768377589821
2014,Naturalized citizen,85,87357,30311,0.34697849056171803
2014,Naturalized citizen,86,82295,32185,0.3910930190169512
2014,Naturalized citizen,87,73295,27049,0.3690429087932328
2014,Naturalized citizen,88,65664,24603,0.3746801900584795
2014,Naturalized citizen,89,52394,19493,0.37204641752872464
2014,Naturalized citizen,90,38116,15832,0.41536362682338124
2014,Naturalized citizen,91,15230,6271,0.4117531188443861
2014,Naturalized citizen,92,17303,6732,0.38906547997457086
2014,Naturalized citizen,93,15283,3842,0.25139043381535037
2014,Naturalized citizen,94,106727,45158,0.4231169244895856
2014,Naturalized citizen,95,21109,12004,0.568667393055095
2014,Naturalized citizen,96,840,186,0.22142857142857142
2014,Undocumented,0,10191.5795,552.57,0.054218288735323125
2014,Undocumented,1,16974.9553875,379.53175,0.022358335638365166
2014,Undocumented,2,19763.39486515625,1895.49875625,0.09590957268135392
2014,Undocumented,3,27455.319429191408,1408.3688123046875,0.05129675565920617
2014,Undocumented,4,27082.86822181387,2521.237504359375,0.09309344504097417
2014,Undocumented,5,27860.710556590795,1467.6852797192385,0.05267939153016467
2014,Undocumented,6,36528.29973007592,1366.1056098125416,0.03739855454284245
2014,Undocumented,7,37446.70257211435,2545.049833000134,0.06796459122399126
2014,Undocumented,8,39242.26501419332,2025.4300365109534,0.05161348448613725
2014,Undocumented,9,46412.90700093678,3292.1445226609667,0.07093165964791905
2014,Undocumented,10,55435.283044453456,6065.366072106905,0.10941345906438503
2014,Undocumented,11,51586.96528251696,4026.5604646523234,0.07805383477397422
2014,Undocumented,12,60025.02169305681,5439.04896601413,0.09061302791071334
2014,Undocumented,13,72271.14888817053,5605.027162910603,0.0775555287156649
2014,Undocumented,14,86746.94422404663,6970.3612716507,0.08035281627497934
2014,Undocumented,15,99183.86811539423,6045.216207074602,0.0609495911173919
2014,Undocumented,16,108989.39505741873,6395.761457703585,0.058682420012828904
2014,Undocumented,17,124989.18113880468,6979.228307068631,0.0558386593421871
2014,Undocumented,18,171631.21650181618,6223.879087594415,0.03626309487545091
2014,Undocumented,19,184075.04371371193,0,0
2014,Undocumented,20,224118.73411166278,0,0
2014,Undocumented,21,235486.42313476818,0,0
2014,Undocumented,22,255306.0140919743,0,0
2014,Undocumented,23,255717.35836160436,0,0
2014,Undocumented,24,272506.1269909886,0,0
2014,Undocumented,25,299263.22240304475,0,0
2014,Undocumented,26,309329.7509068318,0,0
2014,Undocumented,27,313410.2642719192,0,0
2014,Undocumented,28,323555.79341041914,0,0
2014,Undocumented,29,290806.3709957918,0,0
2014,Undocumented,30,377789.8654234574,0,0
2014,Undocumented,31,306523.52695676225,0,0
2014,Undocumented,32,313281.9962934082,0,0
2014,Undocumented,33,308666.35315592756,0,0
2014,Undocumented,34,318863.9869361497,0,0
2014,Undocumented,35,364079.5763136081,0,0
2014,Undocumented,36,316678.66585058026,0,0
2014,Undocumented,37,315518.02679525473,0,0
2014,Undocumented,38,313604.2047510095,0,0
2014,Undocumented,39,286939.9905759876,0,0
2014,Undocumented,40,358333.1067930742,0,0
2014,Undocumented,41,282357.6194901245,0,0
2014,Undocumented,42,277605.76299028646,0,0
2014,Undocumented,43,251886.65327724494,0,0
2014,Undocumented,44,244484.88702986666,0,0
2014,Undocumented,45,259972.04490933305,0,0
2014,Undocumented,46,218259.6095964741,0,0
2014,Undocumented,47,188185.556107976,0,0
2014,Undocumented,48,190328.5957954033,0,0
2014,Undocumented,49,179260.24384058072,0,0
2014,Undocumented,50,203475.59169988713,0,0
2014,Undocumented,51,147871.9314646281,0,0
2014,Undocumented,52,139844.32483614667,0,0
2014,Undocumented,53,125539.89483609197,0,0
2014,Undocumented,54,120157.87903508553,0,0
2014,Undocumented,55,111934.90620904705,0,0
2014,Undocumented,56,97667.49733053231,0,0
2014,Undocumented,57,89185.21918240002,0,0
2014,Undocumented,58,88752.1286627049,0,0
2014,Undocumented,59,77822.96593517752,0,0
2014,Undocumented,60,80677.03218670924,0,0
2014,Undocumented,61,65835.19216860783,0,0
2014,Undocumented,62,58230.87776637322,0,0
2014,Undocumented,63,54274.849359518594,0,0
2014,Undocumented,64,49032.81610751867,0,0
2014,Undocumented,65,38893.630029669424,0,0
2014,Undocumented,66,28091.705752477763,0,0
2014,Undocumented,67,27447.734847270356,0,0
2014,Undocumented,68,22218.192281035175,0,0
2014,Undocumented,69,20619.671037465712,0,0
2014,Undocumented,70,16768.314796203456,0,0
2014,Undocumented,71,15039.009755380972,0,0
2014,Undocumented,72,18764.01215562223,0,0
2014,Undocumented,73,14473.269897519225,0,0
2014,Undocumented,74,16453.405520503893,0,0
2014,Undocumented,75,11717.94454887615,0,0
2014,Undocumented,76,10341.886975167949,0,0
2014,Undocumented,77,9832.765114448262,0,0
2014,Undocumented,78,8504.807523792926,0,0
2014,Undocumented,79,7281.804297300819,0,0
2014,Undocumented,80,5800.411097966515,0,0
2014,Undocumented,81,8248.967074631657,0,0
2014,Undocumented,82,4202.592286516306,0,0
2014,Undocumented,83,3369.03863745401,0,0
2014,Undocumented,84,3996.1081172145086,0,0
2014,Undocumented,85,4071.6880879611745,0,0
2014,Undocumented,86,1995.1796943394365,0,0
2014,Undocumented,87,3524.160090480623,0,0
2014,Undocumented,88,1940.4537854007096,0,0
2014,Undocumented,89,1728.4230507897016,0,0
2014,Undocumented,90,835.8848537624683,0,0
2014,Undocumented,91,90.8402666958692,0,0
2014,Undocumented,92,1504.291550141705,0,0
2014,Undocumented,93,352.6315189493627,0,0
2014,Undocumented,94,2270.4960247393196,0,0
2014,Undocumented,95,192.1354673502172,0,0
2014,Undocumented,96,127.039979640625,0,0
2015,Legal noncitizen,0,10338,5172,0.5002901915264074
2015,Legal noncitizen,1,21662,9395,0.433708798818207
2015,Legal noncitizen,2,30139,15757,0.5228109758120707
2015,Legal noncitizen,3,32957,15396,0.46715417058591496
2015,Legal noncitizen,4,42856,22956,0.5356542841142431
2015,Legal noncitizen,5,45046,25473,0.5654886116414332
2015,Legal noncitizen,6,41757,23674,0.5669468592092344
2015,Legal noncitizen,7,52580,33137,0.6302206162038798
2015,Legal noncitizen,8,50592,32806,0.6484424414927261
2015,Legal noncitizen,9,53645,34793,0.6485786186969895
2015,Legal noncitizen,10,55448,37301,0.6727203866685904
2015,Legal noncitizen,11,55142,39183,0.7105835842007907
2015,Legal noncitizen,12,64901,43861,0.6758139319887213
2015,Legal noncitizen,13,63683,42696,0.6704458018623495
2015,Legal noncitizen,14,77763,54025,0.6947391432943688
2015,Legal noncitizen,15,80969,55204,0.6817917968605268
2015,Legal noncitizen,16,83720,58438,0.6980172001911132
2015,Legal noncitizen,17,95835,68960,0.7195700944331402
2015,Legal noncitizen,18,102435,64906,0.6336310831258847
2015,Legal noncitizen,19,91221,45422,0.4979335898532136
2015,Legal noncitizen,20,112610,53514,0.47521534499600393
2015,Legal noncitizen,21,114330,54528,0.47693518761479925
2015,Legal noncitizen,22,118999,50248,0.4222556492071362
2015,Legal noncitizen,23,130736,50213,0.384079366050667
2015,Legal noncitizen,24,143397,40008,0.2790016527542417
2015,Legal noncitizen,25,200294,59205,0.29559048199147253
2015,Legal noncitizen,26,205174,60104,0.29294160078762416
2015,Legal noncitizen,27,228658,63689,0.2785338802928391
2015,Legal noncitizen,28,240789,64470,0.2677447890061423
2015,Legal noncitizen,29,263371,72319,0.274589837149876
2015,Legal noncitizen,30,298128,78421,0.26304473246390814
2015,Legal noncitizen,31,277736,65126,0.2344888671256157
2015,Legal noncitizen,32,285942,72818,0.2546600359513468
2015,Legal noncitizen,33,284673,70241,0.24674275396683212
2015,Legal noncitizen,34,289133,76930,0.26607132357773067
2015,Legal noncitizen,35,314588,85354,0.2713199486312256
2015,Legal noncitizen,36,282479,81421,0.2882373556972377
2015,Legal noncitizen,37,288909,80879,0.2799462806627692
2015,Legal noncitizen,38,275847,75003,0.27190072757724393
2015,Legal noncitizen,39,269328,74290,0.27583466999346523
2015,Legal noncitizen,40,283482,83942,0.29611051142576955
2015,Legal noncitizen,41,258478,71555,0.2768320708145374
2015,Legal noncitizen,42,265642,84176,0.31687760218640126
2015,Legal noncitizen,43,248128,73600,0.29662109878772247
2015,Legal noncitizen,44,236626,66384,0.2805439807967003
2015,Legal noncitizen,45,242170,75539,0.3119255068753355
2015,Legal noncitizen,46,223830,65112,0.29089934325157485
2015,Legal noncitizen,47,205781,64366,0.31278883861969764
2015,Legal noncitizen,48,197322,64892,0.32886348202430543
2015,Legal noncitizen,49,214893,64050,0.2980553112479234
2015,Legal noncitizen,50,219351,69569,0.31715834438867385
2015,Legal noncitizen,51,174822,49099,0.28085138026106554
2015,Legal noncitizen,52,192265,57315,0.2981041791277664
2015,Legal noncitizen,53,167658,56267,0.3356058166028463
2015,Legal noncitizen,54,170302,51446,0.30208688095266056
2015,Legal noncitizen,55,169838,58422,0.34398662254619106
2015,Legal noncitizen,56,140977,46152,0.3273725501322911
2015,Legal noncitizen,57,150430,49715,0.33048594030446055
2015,Legal noncitizen,58,150373,51453,0.3421691394066754
2015,Legal noncitizen,59,147009,50606,0.3442374276404846
2015,Legal noncitizen,60,146530,55303,0.3774175936668259
2015,Legal noncitizen,61,119910,48046,0.40068384621799685
2015,Legal noncitizen,62,121224,47853,0.3947485646406652
2015,Legal noncitizen,63,119729,43083,0.35983763332191865
2015,Legal noncitizen,64,108161,40247,0.3721026987546343
2015,Legal noncitizen,65,121770,43504,0.3572636938490597
2015,Legal noncitizen,66,103246,34410,0.3332816767719815
2015,Legal noncitizen,67,100433,33684,0.3353877709517788
2015,Legal noncitizen,68,97536,31803,0.3260642224409449
2015,Legal noncitizen,69,82590,29947,0.3625983775275457
2015,Legal noncitizen,70,87559,32378,0.36978494500850856
2015,Legal noncitizen,71,72460,29683,0.40964670162848466
2015,Legal noncitizen,72,62522,26391,0.42210741818879755
2015,Legal noncitizen,73,67845,28677,0.42268405925270836
2015,Legal noncitizen,74,58298,24253,0.4160177021510172
2015,Legal noncitizen,75,55074,23947,0.4348149762138214
2015,Legal noncitizen,76,49955,21366,0.4277049344409969
2015,Legal noncitizen,77,43833,17552,0.4004289006000046
2015,Legal noncitizen,78,42657,17531,0.410975924232834
2015,Legal noncitizen,79,41439,20121,0.4855570839064649
2015,Legal noncitizen,80,39647,18817,0.4746134638181956
2015,Legal noncitizen,81,30080,13964,0.4642287234042553
2015,Legal noncitizen,82,31302,14795,0.47265350456839816
2015,Legal noncitizen,83,26416,12387,0.4689203513022411
2015,Legal noncitizen,84,25732,13149,0.5109979791699052
2015,Legal noncitizen,85,26044,13234,0.5081400706496698
2015,Legal noncitizen,86,19050,9596,0.5037270341207349
2015,Legal noncitizen,87,13725,7219,0.5259744990892532
2015,Legal noncitizen,88,13022,7060,0.5421594225157426
2015,Legal noncitizen,89,10035,4655,0.46387643248629795
2015,Legal noncitizen,90,9562,5285,0.5527086383601757
2015,Legal noncitizen,91,2224,1418,0.637589928057554
2015,Legal noncitizen,92,5727,3106,0.5423432861882311
2015,Legal noncitizen,93,4130,1784,0.4319612590799031
2015,Legal noncitizen,94,27181,17197,0.6326845958574004
2015,Legal noncitizen,95,1264,624,0.4936708860759494
2015,Legal noncitizen,97,272,231,0.8492647058823529
2015,Native-born,0,3757582,1738211,0.46258764279794823
2015,Native-born,1,3863603,1728870,0.4474760993818464
2015,Native-born,2,3934537,1765183,0.44863804813628644
2015,Native-born,3,3935054,1746457,0.4438203389330871
2015,Native-born,4,3975981,1742773,0.4383252837475833
2015,Native-born,5,3863902,1705659,0.44143433244424934
2015,Native-born,6,3929437,1710242,0.4352384323759358
2015,Native-born,7,4074586,1700986,0.41746228942032393
2015,Native-born,8,4135599,1717669,0.41533741545057923
2015,Native-born,9,4039187,1647073,0.40777339598290446
2015,Native-born,10,4007768,1543420,0.38510712196913593
2015,Native-born,11,3953631,1487144,0.37614638290725666
2015,Native-born,12,3903539,1439943,0.3688814176059212
2015,Native-born,13,3935066,1415837,0.35980006434453704
2015,Native-born,14,4012979,1425299,0.35517230466444005
2015,Native-born,15,3957460,1337373,0.3379372122523032
2015,Native-born,16,3951426,1267881,0.3208666947071766
2015,Native-born,17,3866123,1212712,0.3136765177931483
2015,Native-born,18,4175766,1082898,0.2593291865492463
2015,Native-born,19,3814182,696501,0.1826082237292295
2015,Native-born,20,4212322,719119,0.1707179555599026
2015,Native-born,21,4162350,657540,0.1579732602976684
2015,Native-born,22,4059871,642728,0.15831241928622855
2015,Native-born,23,3953212,617781,0.1562731773555276
2015,Native-born,24,3894619,634448,0.16290373974963918
2015,Native-born,25,4155824,672784,0.16188943516376053
2015,Native-born,26,3846670,686757,0.17853286089006856
2015,Native-born,27,3689148,664689,0.18017412150447745
2015,Native-born,28,3600755,639666,0.17764774332049807
2015,Native-born,29,3491423,613706,0.17577532140906443
2015,Native-born,30,3733601,632020,0.16927893473351865
2015,Native-born,31,3396976,581421,0.17115840677119887
2015,Native-born,32,3448721,567302,0.16449634516680242
2015,Native-born,33,3409556,552041,0.16190993783354782
2015,Native-born,34,3362354,547931,0.16296053300752986
2015,Native-born,35,3522420,547838,0.1555288693568626
2015,Native-born,36,3223056,492618,0.152841899116863
2015,Native-born,37,3113775,470810,0.1512023187288741
2015,Native-born,38,3120998,460799,0.14764475978517128
2015,Native-born,39,2979734,440049,0.14768063189533026
2015,Native-born,40,3185035,447384,0.1404643905012033
2015,Native-born,41,2912804,398057,0.13665766731987458
2015,Native-born,42,3060689,399959,0.13067613207352985
2015,Native-born,43,3151040,416304,0.13211638062354017
2015,Native-born,44,3410241,437787,0.128374211675949
2015,Native-born,45,3495725,423148,0.1210472791767087
2015,Native-born,46,3238430,407147,0.12572357593031191
2015,Native-born,47,3148471,391318,0.12428826563751104
2015,Native-born,48,3234480,410648,0.1269595112661077
2015,Native-born,49,3360086,429900,0.12794315383594349
2015,Native-born,50,3707612,465191,0.12546916991314086
2015,Native-born,51,3591674,463836,0.12914201010448054
2015,Native-born,52,3687793,471404,0.12782821595463736
2015,Native-born,53,3697410,488643,0.13215818640615998
2015,Native-born,54,3727348,474620,0.1273345016349426
2015,Native-born,55,3813170,510221,0.13380494444255042
2015,Native-born,56,3679060,496406,0.13492739993367872
2015,Native-born,57,3670069,487866,0.1329310157383962
2015,Native-born,58,3628730,478896,0.13197344525495144
2015,Native-born,59,3499222,455067,0.13004805068097994
2015,Native-born,60,3615293,474071,0.13112934414997623
2015,Native-born,61,3357323,435047,0.12958151479616348
2015,Native-born,62,3303411,426583,0.12913409805803758
2015,Native-born,63,3202449,394609,0.12322100992084495
2015,Native-born,64,3069937,355224,0.1157105178379882
2015,Native-born,65,2985067,339564,0.11375423064205929
2015,Native-born,66,2876055,316665,0.1101039444655961
2015,Native-born,67,2902246,321477,0.11076834975394918
2015,Native-born,68,2932564,315067,0.10743738244075833
2015,Native-born,69,2236618,242065,0.1082281373037327
2015,Native-born,70,2187225,248763,0.11373452662620444
2015,Native-born,71,2090813,240722,0.11513320416507837
2015,Native-born,72,2128993,244459,0.11482376879585794
2015,Native-born,73,1880706,215303,0.1144798814913123
2015,Native-born,74,1687316,199985,0.11852255297762837
2015,Native-born,75,1573619,193585,0.12301897727467703
2015,Native-born,76,1463559,182863,0.12494405760205089
2015,Native-born,77,1422072,175342,0.12330036735130148
2015,Native-born,78,1318854,173566,0.1316036498353874
2015,Native-born,79,1210273,169007,0.13964370022300754
2015,Native-born,80,1179549,166117,0.14083094470852842
2015,Native-born,81,1048096,142379,0.13584538057582513
2015,Native-born,82,1001989,147685,0.1473918376349441
2015,Native-born,83,938621,135872,0.14475704251236654
2015,Native-born,84,876419,134401,0.15335244899985054
2015,Native-born,85,826650,130150,0.15744269037682213
2015,Native-born,86,744961,116250,0.15604843743497981
2015,Native-born,87,675810,113114,0.16737544576138264
2015,Native-born,88,587769,101808,0.1732109042838258
2015,Native-born,89,473649,86676,0.18299626938935795
2015,Native-born,90,350936,63759,0.18168269997948344
2015,Native-born,91,140822,27761,0.19713539077700928
2015,Native-born,92,231498,45894,0.19824793302749916
2015,Native-born,93,347422,80361,0.2313065954372492
2015,Native-born,94,806424,164281,0.203715415215817
2015,Native-born,95,215818,53354,0.24721756294655683
2015,Native-born,97,6272,1163,0.18542729591836735
2015,Naturalized citizen,0,4856,2475,0.5096787479406919
2015,Naturalized citizen,1,4719,2696,0.5713074803983895
2015,Naturalized citizen,2,6616,2688,0.4062877871825877
2015,Naturalized citizen,3,9287,3742,0.40292882523958223
2015,Naturalized citizen,4,14156,4850,0.34261090703588587
2015,Naturalized citizen,5,18544,6154,0.3318593615185505
2015,Naturalized citizen,6,19470,6011,0.30873138161273755
2015,Naturalized citizen,7,24566,7273,0.2960595945615892
2015,Naturalized citizen,8,29580,8210,0.277552400270453
2015,Naturalized citizen,9,34860,11163,0.320223752151463
2015,Naturalized citizen,10,37151,12143,0.32685526634545503
2015,Naturalized citizen,11,46136,13581,0.29436882261140973
2015,Naturalized citizen,12,52564,17505,0.3330226010197093
2015,Naturalized citizen,13,55130,16475,0.2988391075639398
2015,Naturalized citizen,14,67416,23922,0.3548415806336775
2015,Naturalized citizen,15,75327,24563,0.32608493634420593
2015,Naturalized citizen,16,71655,27335,0.3814807061614681
2015,Naturalized citizen,17,88398,29668,0.33561845290617437
2015,Naturalized citizen,18,106874,33129,0.30998184778337107
2015,Naturalized citizen,19,105889,27283,0.25765660266883245
2015,Naturalized citizen,20,114347,23310,0.20385318373022468
2015,Naturalized citizen,21,127116,26281,0.20674816702854085
2015,Naturalized citizen,22,133490,30016,0.2248557944415312
2015,Naturalized citizen,23,134017,25922,0.19342322242700552
2015,Naturalized citizen,24,141147,26145,0.18523241726710452
2015,Naturalized citizen,25,183284,28521,0.15561096440496716
2015,Naturalized citizen,26,185430,38265,0.20635819446691475
2015,Naturalized citizen,27,208314,42374,0.20341407682632948
2015,Naturalized citizen,28,216745,37379,0.17245611202103855
2015,Naturalized citizen,29,220255,42866,0.19461987242060338
2015,Naturalized citizen,30,264821,43100,0.16275144342782483
2015,Naturalized citizen,31,246178,42606,0.1730698925167968
2015,Naturalized citizen,32,267357,47012,0.1758397947313891
2015,Naturalized citizen,33,262283,44412,0.16932854969632039
2015,Naturalized citizen,34,281464,47146,0.16750277122473922
2015,Naturalized citizen,35,323279,50233,0.1553859050541483
2015,Naturalized citizen,36,307706,47760,0.15521309301736072
2015,Naturalized citizen,37,325155,50340,0.15481847119066292
2015,Naturalized citizen,38,344544,46456,0.13483328689514257
2015,Naturalized citizen,39,354979,50284,0.14165344992238976
2015,Naturalized citizen,40,415083,60559,0.1458961219804232
2015,Naturalized citizen,41,390799,50385,0.12892817023585015
2015,Naturalized citizen,42,434307,62031,0.1428275390449613
2015,Naturalized citizen,43,422431,54814,0.12975846943051053
2015,Naturalized citizen,44,434671,62333,0.1434027114760359
2015,Naturalized citizen,45,479340,62938,0.13130137272082446
2015,Naturalized citizen,46,443009,58626,0.13233591191149616
2015,Naturalized citizen,47,450909,60832,0.13490970461889207
2015,Naturalized citizen,48,442670,62674,0.14158176519755122
2015,Naturalized citizen,49,438805,57295,0.1305705267715728
2015,Naturalized citizen,50,507634,72201,0.14223042585800005
2015,Naturalized citizen,51,439802,62362,0.1417956262136143
2015,Naturalized citizen,52,457821,63456,0.13860438905161623
2015,Naturalized citizen,53,442606,61723,0.13945359981563737
2015,Naturalized citizen,54,426706,62177,0.14571391074885284
2015,Naturalized citizen,55,455570,64665,0.14194306034198917
2015,Naturalized citizen,56,420435,64858,0.15426403605789243
2015,Naturalized citizen,57,404401,63500,0.1570223614679489
2015,Naturalized citizen,58,409554,64762,0.1581281100904887
2015,Naturalized citizen,59,386128,63084,0.16337587535739445
2015,Naturalized citizen,60,411473,78831,0.19158243675769734
2015,Naturalized citizen,61,367204,67856,0.1847910153484167
2015,Naturalized citizen,62,363765,69947,0.19228622874658088
2015,Naturalized citizen,63,340190,67519,0.19847438196302067
2015,Naturalized citizen,64,331286,64019,0.1932439040587287
2015,Naturalized citizen,65,349739,68826,0.19679246523836347
2015,Naturalized citizen,66,309947,55600,0.1793855078448896
2015,Naturalized citizen,67,304352,58830,0.1932959205130901
2015,Naturalized citizen,68,294737,64534,0.21895452556007558
2015,Naturalized citizen,69,261728,57447,0.21949122753392836
2015,Naturalized citizen,70,253574,60327,0.2379068831978042
2015,Naturalized citizen,71,221512,50913,0.2298430784788183
2015,Naturalized citizen,72,224445,59365,0.2644968700572523
2015,Naturalized citizen,73,213131,51844,0.24324945690678504
2015,Naturalized citizen,74,192863,50308,0.2608483742345603
2015,Naturalized citizen,75,192496,56934,0.2957671847726706
2015,Naturalized citizen,76,192124,56928,0.2963086340072037
2015,Naturalized citizen,77,177049,52876,0.29865178566385575
2015,Naturalized citizen,78,167091,54926,0.3287190812192159
2015,Naturalized citizen,79,151065,54371,0.35991791612881874
2015,Naturalized citizen,80,146206,47235,0.3230715565708658
2015,Naturalized citizen,81,123023,38532,0.3132097250107703
2015,Naturalized citizen,82,121504,43964,0.3618317092441401
2015,Naturalized citizen,83,104230,37904,0.3636572963638108
2015,Naturalized citizen,84,103750,41409,0.39912289156626507
2015,Naturalized citizen,85,95245,39540,0.4151399023570791
2015,Naturalized citizen,86,86464,31864,0.36852331606217614
2015,Naturalized citizen,87,73393,28730,0.3914542258798523
2015,Naturalized citizen,88,58330,22801,0.39089662266415226
2015,Naturalized citizen,89,52959,20140,0.38029418984497443
2015,Naturalized citizen,90,43279,19695,0.45507058850712817
2015,Naturalized citizen,91,16394,6094,0.3717213614737099
2015,Naturalized citizen,92,19811,7640,0.38564433900358386
2015,Naturalized citizen,93,17139,5532,0.3227726238403641
2015,Naturalized citizen,94,121960,57023,0.4675549360446048
2015,Naturalized citizen,95,10483,3860,0.36821520557092435
2015,Naturalized citizen,97,183,183,1
2015,Undocumented,0,11946.76325,1181.69625,0.0989135069701829
2015,Undocumented,1,14666.5531875,564.0273875,0.0384567103319619
2015,Undocumented,2,18635.19054390625,972.1308234375,0.05216640104360988
2015,Undocumented,3,24919.438887144534,2191.27793921875,0.08793448155645225
2015,Undocumented,4,29236.66174389082,2112.94916134082,0.07227053416186728
2015,Undocumented,5,38543.108513881125,3001.5227135473638,0.07787443279169813
2015,Undocumented,6,36363.86225774096,2442.4129387559237,0.06716593857507516
2015,Undocumented,7,37033.74438207404,732.9526860062382,0.019791482018248728
2015,Undocumented,8,41365.240667806946,2258.7440722821293,0.054604881678834934
2015,Undocumented,9,45158.92798532032,3835.1745376127847,0.0849261642982197
2015,Undocumented,10,50419.8050651382,4350.525533459507,0.08628604430023061
2015,Undocumented,11,55397.562210134696,4285.57017941919,0.07736026656124531
2015,Undocumented,12,53733.14153278937,4135.232611217067,0.07695869798890577
2015,Undocumented,13,61609.90383927535,4515.153676042324,0.07328616658485976
2015,Undocumented,14,68710.31308175152,6913.907812069748,0.10062401846202594
2015,Undocumented,15,90314.13630312019,6730.753102100914,0.07452601970870398
2015,Undocumented,16,103518.72410658581,6613.951458258189,0.06389135410371052
2015,Undocumented,17,117605.421811495,8940.129983133756,0.0760180087399672
2015,Undocumented,18,157700.71906626428,7518.74115795691,0.047677278851199205
2015,Undocumented,19,177030.26242612876,0,0
2015,Undocumented,20,221101.35245482286,0,0
2015,Undocumented,21,231070.760401511,0,0
2015,Undocumented,22,228940.30662054144,0,0
2015,Undocumented,23,243646.72000595857,0,0
2015,Undocumented,24,250892.95864165027,0,0
2015,Undocumented,25,285428.54276272433,0,0
2015,Undocumented,26,279624.60519641876,0,0
2015,Undocumented,27,275216.4609029114,0,0
2015,Undocumented,28,276301.5591635487,0,0
2015,Undocumented,29,280770.7658457568,0,0
2015,Undocumented,30,332967.942483842,0,0
2015,Undocumented,31,297379.27447097754,0,0
2015,Undocumented,32,319530.8771413209,0,0
2015,Undocumented,33,308528.6559693418,0,0
2015,Undocumented,34,309370.6256109284,0,0
2015,Undocumented,35,357689.79737604,0,0
2015,Undocumented,36,324794.61455422547,0,0
2015,Undocumented,37,300948.1689779208,0,0
2015,Undocumented,38,309012.11979558767,0,0
2015,Undocumented,39,301785.89328013605,0,0
2015,Undocumented,40,354441.95813188027,0,0
2015,Undocumented,41,261318.2429006277,0,0
2015,Undocumented,42,283199.8815294777,0,0
2015,Undocumented,43,258870.64317186232,0,0
2015,Undocumented,44,237227.045293445,0,0
2015,Undocumented,45,253041.87189942977,0,0
2015,Undocumented,46,206966.50680575508,0,0
2015,Undocumented,47,213130.0516617064,0,0
2015,Undocumented,48,188975.75441906624,0,0
2015,Undocumented,49,188960.15131079714,0,0
2015,Undocumented,50,193587.50351628408,0,0
2015,Undocumented,51,148998.58273643593,0,0
2015,Undocumented,52,153480.87802829122,0,0
2015,Undocumented,53,125658.61979959317,0,0
2015,Undocumented,54,121201.02642197926,0,0
2015,Undocumented,55,118370.33360774569,0,0
2015,Undocumented,56,98735.09718044057,0,0
2015,Undocumented,57,91055.96076610821,0,0
2015,Undocumented,58,86886.85465464537,0,0
2015,Undocumented,59,73224.4892929477,0,0
2015,Undocumented,60,85463.32764965289,0,0
2015,Undocumented,61,66712.47004228205,0,0
2015,Undocumented,62,56748.489126167195,0,0
2015,Undocumented,63,60544.29939677624,0,0
2015,Undocumented,64,47731.913057105434,0,0
2015,Undocumented,65,42465.83660717743,0,0
2015,Undocumented,66,33083.306044236066,0,0
2015,Undocumented,67,30376.26433651572,0,0
2015,Undocumented,68,23490.892881003987,0,0
2015,Undocumented,69,22570.92174521663,0,0
2015,Undocumented,70,22470.416097477224,0,0
2015,Undocumented,71,14536.354214809713,0,0
2015,Undocumented,72,16202.674188109066,0,0
2015,Undocumented,73,12406.617259360704,0,0
2015,Undocumented,74,9971.2862314793,0,0
2015,Undocumented,75,12472.140286066064,0,0
2015,Undocumented,76,12701.787052552327,0,0
2015,Undocumented,77,9001.963771759716,0,0
2015,Undocumented,78,7746.357460029186,0,0
2015,Undocumented,79,6185.9061114174,0,0
2015,Undocumented,80,4954.60122198929,0,0
2015,Undocumented,81,5014.535406730041,0,0
2015,Undocumented,82,6063.854483184433,0,0
2015,Undocumented,83,3343.5687741248926,0,0
2015,Undocumented,84,3908.414137718465,0,0
2015,Undocumented,85,3022.127736612765,0,0
2015,Undocumented,86,2613.4425126520623,0,0
2015,Undocumented,87,2173.1068881031856,0,0
2015,Undocumented,88,1815.7548436829554,0,0
2015,Undocumented,89,1279.445507849782,0,0
2015,Undocumented,90,1223.1944419799354,0,0
2015,Undocumented,91,80.5307935332764,0,0
2015,Undocumented,92,2116.3975669370466,0,0
2015,Undocumented,93,557.8534011719341,0,0
2015,Undocumented,94,1749.4205866170005,0,0
2015,Undocumented,95,329.3535,0,0
2016,Legal noncitizen,0,10074,5671,0.5629342862815168
2016,Legal noncitizen,1,19867,10990,0.5531786379423164
2016,Legal noncitizen,2,33376,16136,0.4834611697027804
2016,Legal noncitizen,3,38232,20675,0.5407773592801841
2016,Legal noncitizen,4,47679,27018,0.5666645693072422
2016,Legal noncitizen,5,51277,28384,0.5535425239386079
2016,Legal noncitizen,6,50586,25996,0.513897125686949
2016,Legal noncitizen,7,53313,33676,0.6316658225948643
2016,Legal noncitizen,8,54361,33887,0.6233696951858869
2016,Legal noncitizen,9,55743,35124,0.6301060222808245
2016,Legal noncitizen,10,59790,38720,0.6475999330991805
2016,Legal noncitizen,11,57980,38998,0.6726112452569851
2016,Legal noncitizen,12,66878,47871,0.7157959269116899
2016,Legal noncitizen,13,60987,43313,0.7102005345401479
2016,Legal noncitizen,14,76378,51323,0.6719605121893739
2016,Legal noncitizen,15,75086,52936,0.7050049276829236
2016,Legal noncitizen,16,80624,54166,0.6718346894225045
2016,Legal noncitizen,17,86832,60201,0.6933043117744611
2016,Legal noncitizen,18,86581,55055,0.6358785414813873
2016,Legal noncitizen,19,97620,57972,0.5938537185003073
2016,Legal noncitizen,20,114178,54338,0.475906041444061
2016,Legal noncitizen,21,113653,53960,0.47477849242870845
2016,Legal noncitizen,22,124213,51006,0.41063334755621395
2016,Legal noncitizen,23,132592,48459,0.3654745384336913
2016,Legal noncitizen,24,140742,47401,0.3367935655312558
2016,Legal noncitizen,25,198038,63553,0.32091315808077236
2016,Legal noncitizen,26,210629,60505,0.2872586395985358
2016,Legal noncitizen,27,235923,63109,0.26749829393488556
2016,Legal noncitizen,28,245599,70083,0.2853553963981938
2016,Legal noncitizen,29,240306,61144,0.25444225279435384
2016,Legal noncitizen,30,295801,79093,0.26738584386124453
2016,Legal noncitizen,31,292079,77190,0.26427781524861427
2016,Legal noncitizen,32,284843,75826,0.26620278539405917
2016,Legal noncitizen,33,311049,79029,0.25407250947599896
2016,Legal noncitizen,34,294603,80135,0.27201012888531345
2016,Legal noncitizen,35,310534,81056,0.26102133743809053
2016,Legal noncitizen,36,292592,82573,0.2822120905561328
2016,Legal noncitizen,37,281655,78178,0.2775665264241714
2016,Legal noncitizen,38,284298,79681,0.2802728123307234
2016,Legal noncitizen,39,280002,78861,0.2816444168255941
2016,Legal noncitizen,40,296554,95352,0.32153334637199293
2016,Legal noncitizen,41,265514,81372,0.30646971534457695
2016,Legal noncitizen,42,267256,82281,0.3078733498967282
2016,Legal noncitizen,43,240323,77094,0.3207932657298719
2016,Legal noncitizen,44,250729,80928,0.3227708003461905
2016,Legal noncitizen,45,248331,83553,0.3364581949092139
2016,Legal noncitizen,46,225304,69952,0.3104782871142989
2016,Legal noncitizen,47,217874,73317,0.3365110109512838
2016,Legal noncitizen,48,207847,71827,0.34557631334587463
2016,Legal noncitizen,49,203478,66863,0.328600634958079
2016,Legal noncitizen,50,221890,74993,0.33797377078732704
2016,Legal noncitizen,51,183063,56516,0.3087243189503067
2016,Legal noncitizen,52,196657,61947,0.31500022882480666
2016,Legal noncitizen,53,178480,57810,0.32390183774092335
2016,Legal noncitizen,54,175842,58587,0.3331797863991538
2016,Legal noncitizen,55,174280,54626,0.3134381455129676
2016,Legal noncitizen,56,163627,57865,0.3536396804928282
2016,Legal noncitizen,57,140226,48428,0.3453567811960692
2016,Legal noncitizen,58,141998,50822,0.3579064493866111
2016,Legal noncitizen,59,140087,52498,0.37475283216858096
2016,Legal noncitizen,60,147770,56002,0.3789808486160926
2016,Legal noncitizen,61,133938,51919,0.38763457719243233
2016,Legal noncitizen,62,131787,49562,0.3760765477626776
2016,Legal noncitizen,63,119080,44803,0.3762428619415519
2016,Legal noncitizen,64,114193,44880,0.3930188365311359
2016,Legal noncitizen,65,117338,43574,0.37135454839864324
2016,Legal noncitizen,66,105407,36955,0.35059341409963285
2016,Legal noncitizen,67,105574,37898,0.3589709587587853
2016,Legal noncitizen,68,93125,33135,0.35581208053691277
2016,Legal noncitizen,69,89012,32666,0.36698422684581855
2016,Legal noncitizen,70,96976,40045,0.41293722158059726
2016,Legal noncitizen,71,71713,28779,0.40130799157753827
2016,Legal noncitizen,72,70542,26835,0.38041166964361656
2016,Legal noncitizen,73,61766,24523,0.3970307288799663
2016,Legal noncitizen,74,65794,27014,0.4105845517828373
2016,Legal noncitizen,75,59694,25360,0.42483331658123097
2016,Legal noncitizen,76,56814,23565,0.41477452740521703
2016,Legal noncitizen,77,50845,22307,0.43872553840102274
2016,Legal noncitizen,78,38493,17045,0.44280778323331516
2016,Legal noncitizen,79,38264,16868,0.44083211373614883
2016,Legal noncitizen,80,38354,17934,0.46759138551389684
2016,Legal noncitizen,81,31580,15361,0.4864154528182394
2016,Legal noncitizen,82,33541,15848,0.47249634775349575
2016,Legal noncitizen,83,29337,14617,0.49824453761461635
2016,Legal noncitizen,84,23673,10896,0.4602711950323153
2016,Legal noncitizen,85,23878,11256,0.4713962643437474
2016,Legal noncitizen,86,22536,12308,0.5461483848065317
2016,Legal noncitizen,87,18993,10310,0.5428315695256147
2016,Legal noncitizen,88,13363,6932,0.5187457906158797
2016,Legal noncitizen,89,10023,5632,0.5619076124912701
2016,Legal noncitizen,90,6701,4113,0.6137889867184002
2016,Legal noncitizen,91,3198,1623,0.5075046904315197
2016,Legal noncitizen,92,7915,4829,0.6101073910296905
2016,Legal noncitizen,93,3889,2117,0.544355875546413
2016,Legal noncitizen,94,19323,11572,0.5988718107954252
2016,Legal noncitizen,95,7891,5122,0.6490939044481054
2016,Legal noncitizen,96,651,85,0.130568356374808
2016,Native-born,0,3731978,1710893,0.4584413412940805
2016,Native-born,1,3856702,1747285,0.4530515969343755
2016,Native-born,2,3944467,1767293,0.4480435506242035
2016,Native-born,3,3935864,1717180,0.43629048158168066
2016,Native-born,4,3951599,1712317,0.43332256132264435
2016,Native-born,5,3838640,1631317,0.42497264656232414
2016,Native-born,6,3881778,1659457,0.42749920268495517
2016,Native-born,7,3967479,1674849,0.42214438942209903
2016,Native-born,8,4112089,1743676,0.4240365420106423
2016,Native-born,9,4132724,1712811,0.414450856142341
2016,Native-born,10,4012321,1592302,0.3968530932594875
2016,Native-born,11,4008770,1571070,0.3919082411812102
2016,Native-born,12,3973542,1475185,0.3712518956638687
2016,Native-born,13,3932909,1424814,0.3622799307077789
2016,Native-born,14,3928896,1376166,0.35026786150613304
2016,Native-born,15,3962841,1364855,0.3444132631109853
2016,Native-born,16,4008066,1322981,0.3300796443970733
2016,Native-born,17,3859831,1220114,0.3161055496989376
2016,Native-born,18,4209225,1115795,0.2650832397887972
2016,Native-born,19,3834239,723437,0.18867811839585377
2016,Native-born,20,4197059,729032,0.17370067945196863
2016,Native-born,21,4054219,685247,0.16902071644378364
2016,Native-born,22,3959808,642990,0.16237908504654772
2016,Native-born,23,3896642,639552,0.1641290115951119
2016,Native-born,24,3838862,650034,0.16932986911225253
2016,Native-born,25,4145647,707126,0.17057072153031844
2016,Native-born,26,4011038,736994,0.18374146542615652
2016,Native-born,27,3829790,705529,0.18422132806237418
2016,Native-born,28,3709263,691995,0.18655862364032963
2016,Native-born,29,3571237,643148,0.18009110008660864
2016,Native-born,30,3760789,655898,0.1744043603616156
2016,Native-born,31,3484980,611049,0.17533787855310504
2016,Native-born,32,3428053,567373,0.16550881797918526
2016,Native-born,33,3438261,582401,0.1693882459766725
2016,Native-born,34,3354392,564333,0.16823704564046182
2016,Native-born,35,3557729,601202,0.1689847652814478
2016,Native-born,36,3377167,556891,0.16489886345567156
2016,Native-born,37,3201491,506703,0.15827094313243423
2016,Native-born,38,3112651,481485,0.154686471435442
2016,Native-born,39,3053843,464632,0.15214665586934234
2016,Native-born,40,3174168,455409,0.14347350234770181
2016,Native-born,41,2960813,406163,0.13717955169745608
2016,Native-born,42,2963201,417058,0.1407457678368764
2016,Native-born,43,2982126,406276,0.1362370335793994
2016,Native-born,44,3156001,399004,0.12642708288115245
2016,Native-born,45,3542672,448622,0.1266337950563868
2016,Native-born,46,3388152,420566,0.12412843343509973
2016,Native-born,47,3173453,408283,0.12865575762426606
2016,Native-born,48,3184760,395865,0.12429979025107073
2016,Native-born,49,3223926,412555,0.12796664687713055
2016,Native-born,50,3478991,454071,0.13051801513714753
2016,Native-born,51,3455141,453835,0.13135064531375132
2016,Native-born,52,3598975,482939,0.13418792850742225
2016,Native-born,53,3618462,492742,0.1361744299097241
2016,Native-born,54,3670036,478452,0.13036711356509853
2016,Native-born,55,3778274,515660,0.13648030820422236
2016,Native-born,56,3638481,489888,0.13464080202699974
2016,Native-born,57,3619052,494420,0.13661588725445228
2016,Native-born,58,3634970,511050,0.14059263212626238
2016,Native-born,59,3649352,506760,0.13886300910408203
2016,Native-born,60,3629887,514566,0.14175813186471095
2016,Native-born,61,3410382,483914,0.1418943684314543
2016,Native-born,62,3353196,437658,0.13051965945324998
2016,Native-born,63,3304459,432269,0.13081384880248173
2016,Native-born,64,3201233,409285,0.12785229941088325
2016,Native-born,65,3075650,362375,0.1178206232828833
2016,Native-born,66,2887078,329085,0.11398548982743106
2016,Native-born,67,2836882,311489,0.10979977313120531
2016,Native-born,68,2848534,311059,0.10919967955446556
2016,Native-born,69,2857440,304764,0.10665630774399462
2016,Native-born,70,2281623,262478,0.11504003948066793
2016,Native-born,71,2074988,244069,0.1176242946947163
2016,Native-born,72,2037349,239707,0.1176563269228787
2016,Native-born,73,2105628,251998,0.1196783097489205
2016,Native-born,74,1833981,227382,0.12398274573182601
2016,Native-born,75,1675487,200672,0.11976935661094357
2016,Native-born,76,1509414,181374,0.12016186414065326
2016,Native-born,77,1413730,178647,0.12636571339647598
2016,Native-born,78,1339661,176185,0.1315146145181505
2016,Native-born,79,1202964,162724,0.13526921836397432
2016,Native-born,80,1179308,171316,0.1452682420538146
2016,Native-born,81,1109788,157921,0.14229834887383896
2016,Native-born,82,996654,147911,0.1484075717350254
2016,Native-born,83,921821,130076,0.14110765539079712
2016,Native-born,84,875476,138310,0.15798262887846154
2016,Native-born,85,843789,141050,0.1671626437415041
2016,Native-born,86,754900,123426,0.1634998012981852
2016,Native-born,87,673049,111745,0.16602803064858576
2016,Native-born,88,603289,101505,0.1682526948112762
2016,Native-born,89,475153,82491,0.17360934267488579
2016,Native-born,90,333753,62398,0.1869586190985549
2016,Native-born,91,136229,25243,0.1852982845062358
2016,Native-born,92,265635,52361,0.19711634385529014
2016,Native-born,93,357593,79486,0.22228063748451451
2016,Native-born,94,826962,171627,0.20753916141249537
2016,Native-born,95,239816,54345,0.22661123528038163
2016,Native-born,96,16372,4151,0.25354263376496455
2016,Naturalized citizen,0,5534,3158,0.5706541380556559
2016,Naturalized citizen,1,6619,2834,0.4281613536788034
2016,Naturalized citizen,2,6973,2907,0.41689373297002724
2016,Naturalized citizen,3,11495,4732,0.4116572422792518
2016,Naturalized citizen,4,11245,5138,0.4569141840818141
2016,Naturalized citizen,5,17240,7004,0.40626450116009283
2016,Naturalized citizen,6,21332,7784,0.36489780611288203
2016,Naturalized citizen,7,22639,8123,0.35880560095410574
2016,Naturalized citizen,8,28203,9667,0.342764954082899
2016,Naturalized citizen,9,36778,11671,0.31733645113926806
2016,Naturalized citizen,10,43446,13545,0.31176633061731807
2016,Naturalized citizen,11,47709,14908,0.31247772956884445
2016,Naturalized citizen,12,48148,16440,0.3414472044529368
2016,Naturalized citizen,13,53242,18666,0.35058788174749256
2016,Naturalized citizen,14,60292,22077,0.3661679824852385
2016,Naturalized citizen,15,69164,23089,0.33382973801399574
2016,Naturalized citizen,16,81533,29835,0.3659254534973569
2016,Naturalized citizen,17,90409,30464,0.3369576037783849
2016,Naturalized citizen,18,110029,33596,0.3053376837015696
2016,Naturalized citizen,19,108390,27705,0.25560476058677
2016,Naturalized citizen,20,132931,30763,0.23142081230111863
2016,Naturalized citizen,21,124210,28272,0.22761452379035504
2016,Naturalized citizen,22,138740,29004,0.20905290471385324
2016,Naturalized citizen,23,136545,27999,0.20505327913874546
2016,Naturalized citizen,24,135247,26977,0.1994646831353006
2016,Naturalized citizen,25,195611,34265,0.1751690855831216
2016,Naturalized citizen,26,192191,36393,0.1893585027394623
2016,Naturalized citizen,27,201021,37873,0.1884032016555484
2016,Naturalized citizen,28,221872,43852,0.1976454892911228
2016,Naturalized citizen,29,210753,35256,0.16728587493416464
2016,Naturalized citizen,30,259648,46778,0.18015929258072466
2016,Naturalized citizen,31,250141,42249,0.1689007399826498
2016,Naturalized citizen,32,268923,44287,0.16468282742643806
2016,Naturalized citizen,33,281901,49048,0.17399015966598202
2016,Naturalized citizen,34,297993,51156,0.1716684620108526
2016,Naturalized citizen,35,332206,53758,0.16182127956749728
2016,Naturalized citizen,36,329315,59611,0.18101513748234974
2016,Naturalized citizen,37,331141,61570,0.18593288055541296
2016,Naturalized citizen,38,344414,59551,0.17290528259594556
2016,Naturalized citizen,39,360963,52273,0.14481539659189446
2016,Naturalized citizen,40,401182,63718,0.15882567014472235
2016,Naturalized citizen,41,387454,58214,0.1502475132531862
2016,Naturalized citizen,42,414240,63433,0.15313103514870607
2016,Naturalized citizen,43,420213,55749,0.1326684324378351
2016,Naturalized citizen,44,435046,61177,0.14062191124616708
2016,Naturalized citizen,45,469712,67547,0.1438051401709984
2016,Naturalized citizen,46,461954,72151,0.15618654671244322
2016,Naturalized citizen,47,450766,64089,0.14217798148041333
2016,Naturalized citizen,48,477791,64641,0.13529137216900278
2016,Naturalized citizen,49,463463,61335,0.13234066149832888
2016,Naturalized citizen,50,477286,72430,0.15175387503509427
2016,Naturalized citizen,51,449836,63428,0.1410024986884109
2016,Naturalized citizen,52,453157,64049,0.1413395357458894
2016,Naturalized citizen,53,477558,64097,0.13421825202383794
2016,Naturalized citizen,54,451312,68611,0.15202564966143156
2016,Naturalized citizen,55,457624,66162,0.1445772074891177
2016,Naturalized citizen,56,436505,71536,0.16388357521677874
2016,Naturalized citizen,57,403423,56823,0.14085215766081755
2016,Naturalized citizen,58,433467,73206,0.16888482860286944
2016,Naturalized citizen,59,394147,69872,0.17727396123781228
2016,Naturalized citizen,60,422180,78967,0.18704580984414232
2016,Naturalized citizen,61,390803,68127,0.17432568327264633
2016,Naturalized citizen,62,383419,78546,0.20485682764808213
2016,Naturalized citizen,63,344950,68843,0.19957385128279462
2016,Naturalized citizen,64,349262,70822,0.20277613940251157
2016,Naturalized citizen,65,339876,65282,0.19207593357577468
2016,Naturalized citizen,66,342009,67151,0.1963427863009453
2016,Naturalized citizen,67,320212,58312,0.18210435586423995
2016,Naturalized citizen,68,297418,61102,0.20544149984197324
2016,Naturalized citizen,69,297884,69133,0.23208027285789098
2016,Naturalized citizen,70,275216,59869,0.21753459101215045
2016,Naturalized citizen,71,236958,55792,0.2354510081955452
2016,Naturalized citizen,72,228041,56484,0.24769230094588254
2016,Naturalized citizen,73,225067,61398,0.27279876658950447
2016,Naturalized citizen,74,212805,56676,0.26632832875167406
2016,Naturalized citizen,75,207529,55393,0.2669169128170039
2016,Naturalized citizen,76,192032,54768,0.28520246625562407
2016,Naturalized citizen,77,178219,54715,0.3070099147677857
2016,Naturalized citizen,78,172782,53159,0.30766515030500863
2016,Naturalized citizen,79,159857,53078,0.3320342556159568
2016,Naturalized citizen,80,152186,50257,0.3302340556950048
2016,Naturalized citizen,81,134354,44544,0.33154204564062106
2016,Naturalized citizen,82,123551,47368,0.3833882364367751
2016,Naturalized citizen,83,109607,40662,0.37097995565976627
2016,Naturalized citizen,84,109112,42412,0.38870151770657674
2016,Naturalized citizen,85,100091,37323,0.3728906694907634
2016,Naturalized citizen,86,87427,33481,0.38295949763802944
2016,Naturalized citizen,87,78393,29927,0.38175602413480797
2016,Naturalized citizen,88,66980,27223,0.40643475664377426
2016,Naturalized citizen,89,52876,21516,0.40691429003706786
2016,Naturalized citizen,90,38703,15643,0.40418055447898094
2016,Naturalized citizen,91,18084,7209,0.39863968148639684
2016,Naturalized citizen,92,19004,7831,0.4120711429172806
2016,Naturalized citizen,93,13172,2627,0.199438202247191
2016,Naturalized citizen,94,95897,42568,0.4438929267860309
2016,Naturalized citizen,95,46407,22191,0.4781821707931993
2016,Naturalized citizen,96,1657,707,0.4266747133373567
2016,Undocumented,0,9836.55775,2294.56175,0.23326877229994403
2016,Undocumented,1,18793.5966625,3892.9900000000002,0.20714449021713435
2016,Undocumented,2,25325.65397609375,3649.52101140625,0.14410372244883507
2016,Undocumented,3,33849.88319515625,2756.1636221875,0.08142313538564568
2016,Undocumented,4,40019.7779874417,6699.096235335938,0.16739463765736357
2016,Undocumented,5,34452.18757877172,4104.138444624706,0.11912562693561839
2016,Undocumented,6,43517.96574624142,4816.306706020605,0.11067398540880974
2016,Undocumented,7,40240.59686107429,6377.222151811283,0.15847732512089363
2016,Undocumented,8,45565.835590176146,6666.552781616745,0.146305948201552
2016,Undocumented,9,43064.20513674325,6437.031296695225,0.1494752144212461
2016,Undocumented,10,51185.86304370205,8598.443249186323,0.16798472738156325
2016,Undocumented,11,51874.38425053722,8031.174262777439,0.15481965480282817
2016,Undocumented,12,58230.63023151058,8895.09240605737,0.1527562447923487
2016,Undocumented,13,64203.46902349804,10507.051184133248,0.16365239050070235
2016,Undocumented,14,68287.88576746151,13073.788013399278,0.1914510585072002
2016,Undocumented,15,90539.49460289032,19269.243504283255,0.2128269391031935
2016,Undocumented,16,109910.91404068969,16025.99121894678,0.1458089158735761
2016,Undocumented,17,120726.72706225622,19357.577641390784,0.1603421057824958
2016,Undocumented,18,159626.4124503587,13971.084063193157,0.08752363627503025
2016,Undocumented,19,179002.16449193133,0,0
2016,Undocumented,20,212795.95194464838,0,0
2016,Undocumented,21,205762.50383804826,0,0
2016,Undocumented,22,236025.25881002247,0,0
2016,Undocumented,23,230023.63993494838,0,0
2016,Undocumented,24,219328.19937775383,0,0
2016,Undocumented,25,261482.57434259536,0,0
2016,Undocumented,26,254543.23805422452,0,0
2016,Undocumented,27,256041.21024464103,0,0
2016,Undocumented,28,277347.23870857526,0,0
2016,Undocumented,29,253691.60953330182,0,0
2016,Undocumented,30,328742.9285456011,0,0
2016,Undocumented,31,261250.65525346223,0,0
2016,Undocumented,32,299525.1004411845,0,0
2016,Undocumented,33,279975.34488862485,0,0
2016,Undocumented,34,292489.00309905986,0,0
2016,Undocumented,35,329431.4007503817,0,0
2016,Undocumented,36,324876.58824954816,0,0
2016,Undocumented,37,309898.54079895525,0,0
2016,Undocumented,38,296927.19094216486,0,0
2016,Undocumented,39,277553.77130161267,0,0
2016,Undocumented,40,326231.0403954823,0,0
2016,Undocumented,41,253737.94644648957,0,0
2016,Undocumented,42,279338.979310258,0,0
2016,Undocumented,43,267096.62394776195,0,0
2016,Undocumented,44,246232.86606989097,0,0
2016,Undocumented,45,259113.28632711718,0,0
2016,Undocumented,46,228472.6546462846,0,0
2016,Undocumented,47,202566.95606393434,0,0
2016,Undocumented,48,205049.4220186448,0,0
2016,Undocumented,49,180754.25770140474,0,0
2016,Undocumented,50,185625.38163518434,0,0
2016,Undocumented,51,156424.46898058808,0,0
2016,Undocumented,52,144528.5310430684,0,0
2016,Undocumented,53,128823.51443111095,0,0
2016,Undocumented,54,123180.22462234361,0,0
2016,Undocumented,55,119219.35566659585,0,0
2016,Undocumented,56,102840.12006246488,0,0
2016,Undocumented,57,93545.37636531309,0,0
2016,Undocumented,58,86070.12664078939,0,0
2016,Undocumented,59,85223.15154906223,0,0
2016,Undocumented,60,90263.51184823802,0,0
2016,Undocumented,61,72884.31429695537,0,0
2016,Undocumented,62,62449.713689875076,0,0
2016,Undocumented,63,54691.67482556998,0,0
2016,Undocumented,64,47927.97693483479,0,0
2016,Undocumented,65,35894.20903109664,0,0
2016,Undocumented,66,34345.73264852942,0,0
2016,Undocumented,67,28165.201419960944,0,0
2016,Undocumented,68,23494.62699320728,0,0
2016,Undocumented,69,18857.082744844338,0,0
2016,Undocumented,70,23623.033528037602,0,0
2016,Undocumented,71,15976.921587432602,0,0
2016,Undocumented,72,13583.653447983454,0,0
2016,Undocumented,73,14355.934021635076,0,0
2016,Undocumented,74,12062.918487153049,0,0
2016,Undocumented,75,11125.509228671064,0,0
2016,Undocumented,76,11431.529023253494,0,0
2016,Undocumented,77,6518.006606011615,0,0
2016,Undocumented,78,7042.154795820867,0,0
2016,Undocumented,79,6952.806481781882,0,0
2016,Undocumented,80,6740.01678552032,0,0
2016,Undocumented,81,5339.565806975765,0,0
2016,Undocumented,82,4554.268850016424,0,0
2016,Undocumented,83,5691.017809491687,0,0
2016,Undocumented,84,2967.4042114775125,0,0
2016,Undocumented,85,3845.481522481432,0,0
2016,Undocumented,86,5007.147945593193,0,0
2016,Undocumented,87,2540.5251542192304,0,0
2016,Undocumented,88,1924.3667985765985,0,0
2016,Undocumented,89,2267.7445499908927,0,0
2016,Undocumented,90,614.7504933799322,0,0
2016,Undocumented,91,513.482411407439,0,0
2016,Undocumented,92,1303.1451073748729,0,0
2016,Undocumented,93,1143.789594009871,0,0
2016,Undocumented,94,1801.7371599176986,0,0
2016,Undocumented,95,1103.541178459374,0,0
2017,Legal noncitizen,0,9565,5425,0.56717198118139045
2017,Legal noncitizen,1,22005,12634,0.5741422403999091
2017,Legal noncitizen,2,29879,15307,0.5122996084206298
2017,Legal noncitizen,3,41711,22452,0.5382752751072859
2017,Legal noncitizen,4,47797,25930,0.5425026675314351
2017,Legal noncitizen,5,54239,31515,0.5810394734416195
2017,Legal noncitizen,6,55738,33168,0.5950697908069899
2017,Legal noncitizen,7,53450,33356,0.6240598690364827
2017,Legal noncitizen,8,55516,34215,0.6163088118740543
2017,Legal noncitizen,9,54276,36421,0.6710332375267153
2017,Legal noncitizen,10,65688,44685,0.6802612349287541
2017,Legal noncitizen,11,56466,35855,0.6349838841072504
2017,Legal noncitizen,12,61291,39102,0.6379729487200405
2017,Legal noncitizen,13,74920,48825,0.6516951414842499
2017,Legal noncitizen,14,69457,47468,0.6834156384525678
2017,Legal noncitizen,15,75801,50486,0.6660334296381314
2017,Legal noncitizen,16,86977,57627,0.6625544684226865
2017,Legal noncitizen,17,89295,60504,0.677574332269444
2017,Legal noncitizen,18,91861,59806,0.6510488673103929
2017,Legal noncitizen,19,100645,55127,0.5477370957325252
2017,Legal noncitizen,20,101702,53228,0.5233722050697135
2017,Legal noncitizen,21,111393,51724,0.464337974558545
2017,Legal noncitizen,22,113287,44074,0.3890472869790885
2017,Legal noncitizen,23,120936,42353,0.35021002844479726
2017,Legal noncitizen,24,146835,49149,0.33472264787005823
2017,Legal noncitizen,25,178491,52809,0.2958636569911088
2017,Legal noncitizen,26,209869,53196,0.25347240421405737
2017,Legal noncitizen,27,231257,60276,0.2606450831758606
2017,Legal noncitizen,28,250810,66181,0.26386906423188866
2017,Legal noncitizen,29,254144,63245,0.24885497985394106
2017,Legal noncitizen,30,302889,85286,0.28157509846841583
2017,Legal noncitizen,31,283930,64883,0.22851759236431515
2017,Legal noncitizen,32,302436,72797,0.24070216508616699
2017,Legal noncitizen,33,298110,77124,0.25870987219482744
2017,Legal noncitizen,34,307879,80597,0.2617814141269785
2017,Legal noncitizen,35,323263,89565,0.27706542350965
2017,Legal noncitizen,36,288856,72801,0.25203215442988897
2017,Legal noncitizen,37,293215,75170,0.2563647835206248
2017,Legal noncitizen,38,302743,80917,0.2672795077012516
2017,Legal noncitizen,39,278266,75968,0.2730049664709307
2017,Legal noncitizen,40,297009,90290,0.30399752196061397
2017,Legal noncitizen,41,257935,76592,0.29694302828231917
2017,Legal noncitizen,42,254832,77047,0.30234428957116843
2017,Legal noncitizen,43,252282,82001,0.32503706170079516
2017,Legal noncitizen,44,239786,68902,0.28734788519763454
2017,Legal noncitizen,45,256575,80532,0.3138731365097925
2017,Legal noncitizen,46,215992,65996,0.30554835364272753
2017,Legal noncitizen,47,220712,75824,0.3435427162999746
2017,Legal noncitizen,48,219877,73533,0.3344278846809807
2017,Legal noncitizen,49,218408,77961,0.3569512105783671
2017,Legal noncitizen,50,215724,70699,0.3277289499545716
2017,Legal noncitizen,51,186059,59777,0.32127980909281467
2017,Legal noncitizen,52,183722,60914,0.33155528461479844
2017,Legal noncitizen,53,175873,57442,0.3266106792969927
2017,Legal noncitizen,54,179314,57565,0.32102903286971457
2017,Legal noncitizen,55,180609,62762,0.347502062466433
2017,Legal noncitizen,56,162179,55946,0.3449645145179092
2017,Legal noncitizen,57,162401,56629,0.3486985917574399
2017,Legal noncitizen,58,145847,50747,0.34794682098363355
2017,Legal noncitizen,59,144215,47796,0.33142183545400966
2017,Legal noncitizen,60,153835,58754,0.38192868983001266
2017,Legal noncitizen,61,131051,50977,0.38898596729517515
2017,Legal noncitizen,62,134964,52184,0.38665125514952137
2017,Legal noncitizen,63,122207,46951,0.38419239487099754
2017,Legal noncitizen,64,115495,39817,0.3447508550153686
2017,Legal noncitizen,65,132029,44639,0.3380999628869415
2017,Legal noncitizen,66,110386,37995,0.34420125740583046
2017,Legal noncitizen,67,106201,35119,0.3306842685097127
2017,Legal noncitizen,68,97178,33456,0.34427545329189735
2017,Legal noncitizen,69,89711,36063,0.40199083724403917
2017,Legal noncitizen,70,93406,35840,0.38370126116095327
2017,Legal noncitizen,71,78516,30894,0.3934739416169953
2017,Legal noncitizen,72,82802,35716,0.43134223811019057
2017,Legal noncitizen,73,63481,28363,0.44679510404688016
2017,Legal noncitizen,74,62167,26673,0.4290539997104573
2017,Legal noncitizen,75,55461,22076,0.3980454733957195
2017,Legal noncitizen,76,53457,22213,0.41553023925772115
2017,Legal noncitizen,77,51752,22243,0.4297998144999227
2017,Legal noncitizen,78,52533,22604,0.43028191803247484
2017,Legal noncitizen,79,44298,20472,0.46214276039550317
2017,Legal noncitizen,80,45418,18618,0.4099255801664538
2017,Legal noncitizen,81,34967,15989,0.45725970200474736
2017,Legal noncitizen,82,34622,20545,0.5934088152042054
2017,Legal noncitizen,83,35774,19458,0.5439145748308828
2017,Legal noncitizen,84,26992,14030,0.5197836395969176
2017,Legal noncitizen,85,21251,9044,0.42557997270716674
2017,Legal noncitizen,86,22638,10904,0.4816679918720735
2017,Legal noncitizen,87,20469,11256,0.5499047339879818
2017,Legal noncitizen,88,14285,7328,0.5129856492824642
2017,Legal noncitizen,89,10441,4821,0.46173738147687005
2017,Legal noncitizen,90,8760,4703,0.5368721461187215
2017,Legal noncitizen,91,3039,1459,0.48009213557091146
2017,Legal noncitizen,92,7140,3896,0.5456582633053221
2017,Legal noncitizen,93,4207,1287,0.30591870691704304
2017,Legal noncitizen,94,15813,7388,0.46721052298741544
2017,Legal noncitizen,95,10373,6710,0.6468716861081655
2017,Legal noncitizen,96,106,0,0
2017,Native-born,0,3697093,1664054,0.4500979553395059
2017,Native-born,1,3847349,1693517,0.4401776392003949
2017,Native-born,2,3900233,1700222,0.4359283150519469
2017,Native-born,3,3981403,1699963,0.42697586755221717
2017,Native-born,4,3974284,1676629,0.4218694486855997
2017,Native-born,5,3727785,1540819,0.41333365524031024
2017,Native-born,6,3797222,1568926,0.41317731752317877
2017,Native-born,7,3895805,1641724,0.4214081556956778
2017,Native-born,8,3968659,1613417,0.4065395893171976
2017,Native-born,9,4117869,1674648,0.40667830861059445
2017,Native-born,10,4201304,1650668,0.3928942061797956
2017,Native-born,11,4056131,1564543,0.3857229956330306
2017,Native-born,12,4040154,1492911,0.3695183401424797
2017,Native-born,13,3993506,1426937,0.3573143498469766
2017,Native-born,14,3995555,1377954,0.3448717387196522
2017,Native-born,15,3880067,1358365,0.3500880268304645
2017,Native-born,16,3988372,1293593,0.32434110960562357
2017,Native-born,17,3921674,1228323,0.313213948941192
2017,Native-born,18,4251553,1128872,0.26551991707500766
2017,Native-born,19,3840300,716005,0.18644506939562014
2017,Native-born,20,4137213,740115,0.17889216726332438
2017,Native-born,21,4026503,655479,0.162791136626497
2017,Native-born,22,3933731,644932,0.16394918717116141
2017,Native-born,23,3834289,617074,0.1609357041161999
2017,Native-born,24,3841487,644263,0.16771187823881742
2017,Native-born,25,4155728,677550,0.16304002571871884
2017,Native-born,26,4040630,738512,0.18277149850394617
2017,Native-born,27,4035301,756020,0.18735157550824585
2017,Native-born,28,3799969,703492,0.18513098396329022
2017,Native-born,29,3699158,677663,0.18319385114125972
2017,Native-born,30,3739571,651344,0.17417612875915445
2017,Native-born,31,3491199,579163,0.1658922908719898
2017,Native-born,32,3524755,610689,0.17325714836917744
2017,Native-born,33,3398500,572692,0.16851316757392967
2017,Native-born,34,3486256,587296,0.16846037697747956
2017,Native-born,35,3602888,584878,0.16233588165937993
2017,Native-born,36,3432045,542823,0.1581631359728675
2017,Native-born,37,3408648,527390,0.15472116804081854
2017,Native-born,38,3205398,487488,0.1520834542231573
2017,Native-born,39,3141825,473716,0.15077733482927916
2017,Native-born,40,3295374,494578,0.1500825096028554
2017,Native-born,41,2941024,402729,0.13693495870825945
2017,Native-born,42,3016592,423789,0.14048601865946736
2017,Native-born,43,2926163,382576,0.13074322927328383
2017,Native-born,44,2958634,396834,0.1341274385408942
2017,Native-born,45,3247717,413618,0.12735653999409433
2017,Native-born,46,3362129,428619,0.12748440050932014
2017,Native-born,47,3410685,410196,0.12026792271933644
2017,Native-born,48,3252627,403401,0.1240231357607251
2017,Native-born,49,3145220,400386,0.1272998391209518
2017,Native-born,50,3389211,420690,0.12412623469002078
2017,Native-born,51,3209337,407010,0.12682058630801316
2017,Native-born,52,3452145,460507,0.13339735150174747
2017,Native-born,53,3581080,475017,0.13264629664793862
2017,Native-born,54,3660220,487641,0.13322723770702308
2017,Native-born,55,3700774,499541,0.1349828441293632
2017,Native-born,56,3659987,501763,0.13709420279361648
2017,Native-born,57,3611744,503771,0.13948136966518115
2017,Native-born,58,3629604,501433,0.13815088367766842
2017,Native-born,59,3663669,518562,0.14154171678718794
2017,Native-born,60,3783219,540494,0.1428661676736134
2017,Native-born,61,3483009,494766,0.14205131252890818
2017,Native-born,62,3444115,469395,0.13628900312562153
2017,Native-born,63,3334529,452251,0.1356266507203866
2017,Native-born,64,3258779,423307,0.12989742477167063
2017,Native-born,65,3162602,369533,0.11684461086156273
2017,Native-born,66,2963106,345083,0.116459890398791
2017,Native-born,67,2835423,323472,0.11408244907373609
2017,Native-born,68,2852360,325449,0.11409815030360825
2017,Native-born,69,2819305,308055,0.10926629080571275
2017,Native-born,70,2877799,317191,0.1102199979915206
2017,Native-born,71,2146045,239329,0.11152096065087172
2017,Native-born,72,2043903,236084,0.1155064599445277
2017,Native-born,73,1990428,232620,0.11686933664518386
2017,Native-born,74,2039422,236275,0.11585390370408871
2017,Native-born,75,1804881,212734,0.11786594240839146
2017,Native-born,76,1601899,199388,0.12446976994180033
2017,Native-born,77,1464578,184239,0.12579664585976302
2017,Native-born,78,1412760,174429,0.12346683088422662
2017,Native-born,79,1315737,167601,0.12738183998777872
2017,Native-born,80,1202195,166846,0.13878447340073782
2017,Native-born,81,1097207,162939,0.14850342733868815
2017,Native-born,82,1045949,154518,0.14772995624069624
2017,Native-born,83,905098,135327,0.14951640595824983
2017,Native-born,84,842376,122868,0.14585885637767457
2017,Native-born,85,800694,124769,0.15582607088350856
2017,Native-born,86,744639,124932,0.16777525754090236
2017,Native-born,87,670726,109911,0.16386870346460403
2017,Native-born,88,606091,100186,0.16529861027469472
2017,Native-born,89,470994,81557,0.1731593183777288
2017,Native-born,90,353762,59860,0.16920980772383692
2017,Native-born,91,140903,30446,0.21607772723078997
2017,Native-born,92,252039,48787,0.19356924920349627
2017,Native-born,93,360387,81367,0.22577673445490543
2017,Native-born,94,722582,139553,0.19313102180790553
2017,Native-born,95,331095,78015,0.235627236895755
2017,Native-born,96,7029,870,0.12377294067434913
2017,Naturalized citizen,0,6514,3688,0.5661651826834511
2017,Naturalized citizen,1,8423,3845,0.45648818710673156
2017,Naturalized citizen,2,7826,3927,0.501788908765653
2017,Naturalized citizen,3,11980,5173,0.43180300500834723
2017,Naturalized citizen,4,11550,3961,0.34294372294372294
2017,Naturalized citizen,5,14204,5650,0.3977752745705435
2017,Naturalized citizen,6,15412,6169,0.4002725149234363
2017,Naturalized citizen,7,23647,8732,0.3692646001606969
2017,Naturalized citizen,8,25022,9170,0.36647749980017585
2017,Naturalized citizen,9,36110,15007,0.4155912489615065
2017,Naturalized citizen,10,40860,16028,0.39226627508565837
2017,Naturalized citizen,11,44151,15299,0.3465153677153405
2017,Naturalized citizen,12,48562,17099,0.35210658539598866
2017,Naturalized citizen,13,62242,21360,0.34317663314160857
2017,Naturalized citizen,14,62703,22169,0.353555651244757
2017,Naturalized citizen,15,70497,23302,0.33053888817963883
2017,Naturalized citizen,16,83367,27874,0.33435292141974643
2017,Naturalized citizen,17,89774,34415,0.3833515271682224
2017,Naturalized citizen,18,108432,37339,0.3443540652205991
2017,Naturalized citizen,19,109853,30895,0.2812394745705625
2017,Naturalized citizen,20,128337,32768,0.2553277698559262
2017,Naturalized citizen,21,138841,31869,0.22953594399348895
2017,Naturalized citizen,22,140628,29939,0.21289501379526127
2017,Naturalized citizen,23,136850,27309,0.19955425648520278
2017,Naturalized citizen,24,143644,27350,0.19040126980590905
2017,Naturalized citizen,25,187877,30746,0.16364962182704643
2017,Naturalized citizen,26,196445,38461,0.19578507979332638
2017,Naturalized citizen,27,199563,34319,0.17197075610208304
2017,Naturalized citizen,28,218070,41697,0.1912092447379282
2017,Naturalized citizen,29,212243,37855,0.17835688338366873
2017,Naturalized citizen,30,274192,53789,0.19617275485790978
2017,Naturalized citizen,31,252715,45297,0.1792414379834992
2017,Naturalized citizen,32,272938,45827,0.16790260059061032
2017,Naturalized citizen,33,286430,48951,0.17090039451174807
2017,Naturalized citizen,34,282782,46168,0.16326357406058378
2017,Naturalized citizen,35,324258,46866,0.1445330570101586
2017,Naturalized citizen,36,327038,47849,0.14631021471510955
2017,Naturalized citizen,37,352428,56072,0.1591020009760859
2017,Naturalized citizen,38,381552,60142,0.15762464880278443
2017,Naturalized citizen,39,373991,62588,0.1673516207609274
2017,Naturalized citizen,40,445241,67590,0.151805426723954
2017,Naturalized citizen,41,384437,60337,0.15694899294292694
2017,Naturalized citizen,42,424617,60487,0.14245072618383156
2017,Naturalized citizen,43,426570,61873,0.14504770612091802
2017,Naturalized citizen,44,449595,62040,0.137990858439262
2017,Naturalized citizen,45,476492,65922,0.13834859766795665
2017,Naturalized citizen,46,464306,69106,0.1488371892674228
2017,Naturalized citizen,47,468891,60009,0.12798070340441595
2017,Naturalized citizen,48,483184,69242,0.14330358621146397
2017,Naturalized citizen,49,454386,68248,0.15019828955997763
2017,Naturalized citizen,50,490772,65761,0.1339950119403715
2017,Naturalized citizen,51,467854,66043,0.1411615589478769
2017,Naturalized citizen,52,484755,64582,0.13322606265020473
2017,Naturalized citizen,53,475229,69323,0.14587283183475755
2017,Naturalized citizen,54,484402,70277,0.1450799129648515
2017,Naturalized citizen,55,464339,74069,0.15951492336418005
2017,Naturalized citizen,56,427324,63633,0.14891042862090592
2017,Naturalized citizen,57,447572,67686,0.1512292994199816
2017,Naturalized citizen,58,435738,70962,0.1628547429877587
2017,Naturalized citizen,59,420394,70372,0.1673953481733802
2017,Naturalized citizen,60,445404,76494,0.17174071180321684
2017,Naturalized citizen,61,412409,69210,0.1678188400350138
2017,Naturalized citizen,62,413285,72095,0.17444378576527095
2017,Naturalized citizen,63,381379,73520,0.19277411708562872
2017,Naturalized citizen,64,357533,75210,0.2103582046971888
2017,Naturalized citizen,65,360094,65588,0.182141329763895
2017,Naturalized citizen,66,331728,65345,0.19698367337095452
2017,Naturalized citizen,67,329870,68185,0.2067026404341104
2017,Naturalized citizen,68,314222,68651,0.21847929171095595
2017,Naturalized citizen,69,307692,60792,0.19757419757419759
2017,Naturalized citizen,70,312368,67494,0.21607206884187882
2017,Naturalized citizen,71,255302,61196,0.23970043321243076
2017,Naturalized citizen,72,244502,59673,0.24405935329772355
2017,Naturalized citizen,73,232697,60364,0.25941030610622395
2017,Naturalized citizen,74,213611,54307,0.2542331621498893
2017,Naturalized citizen,75,218675,59601,0.27255516176974964
2017,Naturalized citizen,76,197857,62051,0.31361538889197754
2017,Naturalized citizen,77,195215,55155,0.28253464129293343
2017,Naturalized citizen,78,173634,54551,0.31417233951875784
2017,Naturalized citizen,79,159407,50485,0.3167050380472627
2017,Naturalized citizen,80,165455,55888,0.3377836874074522
2017,Naturalized citizen,81,138915,47827,0.34428967354137424
2017,Naturalized citizen,82,127287,47044,0.3695899816949099
2017,Naturalized citizen,83,113904,40558,0.3560717797443461
2017,Naturalized citizen,84,107194,40586,0.37862193779502584
2017,Naturalized citizen,85,102034,37164,0.3642315306662485
2017,Naturalized citizen,86,86474,32768,0.3789347086985684
2017,Naturalized citizen,87,76925,30524,0.3968020799480013
2017,Naturalized citizen,88,73618,30213,0.41040234725203073
2017,Naturalized citizen,89,51387,21374,0.4159417751571409
2017,Naturalized citizen,90,52169,22724,0.435584350859706
2017,Naturalized citizen,91,18206,6905,0.3792705701417115
2017,Naturalized citizen,92,24946,11019,0.4417141024613164
2017,Naturalized citizen,93,13548,4523,0.33385001476232656
2017,Naturalized citizen,94,87685,41298,0.47098135370930033
2017,Naturalized citizen,95,60739,28049,0.46179555145787715
2017,Naturalized citizen,96,1289,269,0.208688906128782
2017,Undocumented,0,13064.0465,1131.13,0.08658343339485206
2017,Undocumented,1,18353.00811875,2646.23825,0.14418553257743733
2017,Undocumented,2,27356.914853125,2143.7711165625,0.07836304378882167
2017,Undocumented,3,37116.67433043359,5171.6424837460945,0.13933474852044161
2017,Undocumented,4,41461.46625756748,6148.7877175625,0.1483012607264036
2017,Undocumented,5,46492.15401383711,4408.808298804688,0.09482908228972414
2017,Undocumented,6,46695.35234270588,6301.56457706349,0.13495057347067724
2017,Undocumented,7,43582.777426291635,6481.999165589819,0.148728455329685
2017,Undocumented,8,57821.30408187417,6134.608367586943,0.10609598771588448
2017,Undocumented,9,51596.45136640488,5389.699391844383,0.10445872243364564
2017,Undocumented,10,52970.160567642815,5921.672814363073,0.11179261589741842
2017,Undocumented,11,55256.08991564047,6633.848554981133,0.12005642391832351
2017,Undocumented,12,68773.6834723473,8591.173087140847,0.1249194845088559
2017,Undocumented,13,55886.76325747012,6897.411601401075,0.12341762520088566
2017,Undocumented,14,78376.6348504382,10902.732203026397,0.13910691909433823
2017,Undocumented,15,86885.06369777289,14370.291953367396,0.16539427309800944
2017,Undocumented,16,97911.85405776663,16233.321707494828,0.16579526415583343
2017,Undocumented,17,119960.96451975874,16669.826635908328,0.1389604251903347
2017,Undocumented,18,159355.91289770778,17963.60625506077,0.11272632391489482
2017,Undocumented,19,180641.98575701722,0,0
2017,Undocumented,20,216410.8110915406,0,0
2017,Undocumented,21,202923.09743674443,0,0
2017,Undocumented,22,204838.64132792773,0,0
2017,Undocumented,23,212091.8149045164,0,0
2017,Undocumented,24,216103.95244981637,0,0
2017,Undocumented,25,261343.11684095074,0,0
2017,Undocumented,26,239904.01931901902,0,0
2017,Undocumented,27,237188.9204033633,0,0
2017,Undocumented,28,254520.38008345262,0,0
2017,Undocumented,29,252340.517897214,0,0
2017,Undocumented,30,322028.5103110551,0,0
2017,Undocumented,31,269225.8539916957,0,0
2017,Undocumented,32,281205.24873371655,0,0
2017,Undocumented,33,271055.2967270509,0,0
2017,Undocumented,34,281119.7374156505,0,0
2017,Undocumented,35,320877.57224300463,0,0
2017,Undocumented,36,301863.7595990376,0,0
2017,Undocumented,37,300502.3039353033,0,0
2017,Undocumented,38,294037.5799588263,0,0
2017,Undocumented,39,286210.85659698286,0,0
2017,Undocumented,40,333465.7553251875,0,0
2017,Undocumented,41,270625.76879925467,0,0
2017,Undocumented,42,270821.0816642877,0,0
2017,Undocumented,43,252699.6764691959,0,0
2017,Undocumented,44,229344.9660375558,0,0
2017,Undocumented,45,256614.6946240124,0,0
2017,Undocumented,46,213692.73681100708,0,0
2017,Undocumented,47,223422.20869896255,0,0
2017,Undocumented,48,196831.97869817252,0,0
2017,Undocumented,49,187306.89682250528,0,0
2017,Undocumented,50,198812.4659482185,0,0
2017,Undocumented,51,152730.44266615075,0,0
2017,Undocumented,52,146577.74459407732,0,0
2017,Undocumented,53,132260.4033163219,0,0
2017,Undocumented,54,132919.2497693622,0,0
2017,Undocumented,55,119581.6188298803,0,0
2017,Undocumented,56,104896.43482594893,0,0
2017,Undocumented,57,97121.5394979984,0,0
2017,Undocumented,58,93560.50317723898,0,0
2017,Undocumented,59,90341.20667795168,0,0
2017,Undocumented,60,80800.31131570855,0,0
2017,Undocumented,61,65085.814083190315,0,0
2017,Undocumented,62,69403.32006610587,0,0
2017,Undocumented,63,60440.7011043597,0,0
2017,Undocumented,64,45119.271289676646,0,0
2017,Undocumented,65,33815.209979203304,0,0
2017,Undocumented,66,28604.888269533953,0,0
2017,Undocumented,67,29303.958615311465,0,0
2017,Undocumented,68,22248.60301139816,0,0
2017,Undocumented,69,16763.973290309583,0,0
2017,Undocumented,70,20684.89158822873,0,0
2017,Undocumented,71,14435.799426917618,0,0
2017,Undocumented,72,14608.97351302686,0,0
2017,Undocumented,73,12169.859323253288,0,0
2017,Undocumented,74,12302.223502806508,0,0
2017,Undocumented,75,12224.334484233477,0,0
2017,Undocumented,76,9213.658158592223,0,0
2017,Undocumented,77,11785.196573496083,0,0
2017,Undocumented,78,9380.27349942879,0,0
2017,Undocumented,79,7587.864259807522,0,0
2017,Undocumented,80,7079.997986968733,0,0
2017,Undocumented,81,6792.845190094164,0,0
2017,Undocumented,82,2969.076447199885,0,0
2017,Undocumented,83,5213.820446338952,0,0
2017,Undocumented,84,4166.018025853356,0,0
2017,Undocumented,85,3935.241868527075,0,0
2017,Undocumented,86,3215.517785341796,0,0
2017,Undocumented,87,2046.9827135859532,0,0
2017,Undocumented,88,2320.2811789386633,0,0
2017,Undocumented,89,1443.2950791317132,0,0
2017,Undocumented,90,1623.2350840530626,0,0
2017,Undocumented,91,306.141931497294,0,0
2017,Undocumented,92,888.277573504483,0,0
2017,Undocumented,93,54.2695040092217,0,0
2017,Undocumented,94,2203.1630721122847,0,0
2017,Undocumented,95,1515.5292044958696,0,0
2018,Legal noncitizen,0,8654,4577,0.5288883753177721
2018,Legal noncitizen,1,20165,9364,0.4643689561120754
2018,Legal noncitizen,2,23271,13142,0.5647372265910361
2018,Legal noncitizen,3,31799,17225,0.5416837007453065
2018,Legal noncitizen,4,44068,21661,0.4915358082962694
2018,Legal noncitizen,5,47989,28118,0.5859259413615621
2018,Legal noncitizen,6,57545,32499,0.5647580154661569
2018,Legal noncitizen,7,55022,31603,0.5743702518992403
2018,Legal noncitizen,8,62539,34810,0.5566126736916164
2018,Legal noncitizen,9,66583,36456,0.5475271465689441
2018,Legal noncitizen,10,62839,41286,0.6570123649326055
2018,Legal noncitizen,11,63572,41550,0.6535896306550053
2018,Legal noncitizen,12,58836,38064,0.6469508464205589
2018,Legal noncitizen,13,63614,38977,0.6127110384506556
2018,Legal noncitizen,14,68458,44726,0.6533348914663005
2018,Legal noncitizen,15,73794,50210,0.680407621215817
2018,Legal noncitizen,16,74378,52466,0.7053967571055958
2018,Legal noncitizen,17,75906,47322,0.6234289779464074
2018,Legal noncitizen,18,84242,51362,0.6096958761662828
2018,Legal noncitizen,19,93517,51532,0.5510441951730701
2018,Legal noncitizen,20,97837,50890,0.5201508631703752
2018,Legal noncitizen,21,118517,54245,0.45769805175628814
2018,Legal noncitizen,22,121530,48835,0.4018349378754217
2018,Legal noncitizen,23,120059,45452,0.3785805312388076
2018,Legal noncitizen,24,135955,41278,0.3036151667831268
2018,Legal noncitizen,25,173353,50374,0.2905862604050694
2018,Legal noncitizen,26,189398,46353,0.24473859280457028
2018,Legal noncitizen,27,202038,50558,0.2502400538512557
2018,Legal noncitizen,28,241084,58858,0.24413897230840703
2018,Legal noncitizen,29,253538,56388,0.22240453107620947
2018,Legal noncitizen,30,289958,68875,0.23753440153401528
2018,Legal noncitizen,31,276573,68882,0.2490554030943006
2018,Legal noncitizen,32,305925,78012,0.2550036773719049
2018,Legal noncitizen,33,301726,76616,0.253925747201103
2018,Legal noncitizen,34,292404,67670,0.23142638267602358
2018,Legal noncitizen,35,323429,82944,0.2564519569982902
2018,Legal noncitizen,36,309012,86454,0.279775542697371
2018,Legal noncitizen,37,279423,80867,0.2894070996303096
2018,Legal noncitizen,38,299167,80656,0.2696019280201359
2018,Legal noncitizen,39,270958,74995,0.276777212704552
2018,Legal noncitizen,40,302997,93096,0.3072505668372954
2018,Legal noncitizen,41,268363,71884,0.2678610687762471
2018,Legal noncitizen,42,265403,74122,0.2792809425665874
2018,Legal noncitizen,43,243590,68776,0.28234328174391393
2018,Legal noncitizen,44,230570,68175,0.29568027063364705
2018,Legal noncitizen,45,254560,72593,0.2851704902576996
2018,Legal noncitizen,46,236562,77102,0.3259272410615399
2018,Legal noncitizen,47,214162,65585,0.3062401359718344
2018,Legal noncitizen,48,218875,63661,0.29085551113649344
2018,Legal noncitizen,49,200491,57771,0.2881475976477747
2018,Legal noncitizen,50,214819,71067,0.33082269259236846
2018,Legal noncitizen,51,179286,58677,0.32728155014892407
2018,Legal noncitizen,52,186328,57454,0.30834871838907735
2018,Legal noncitizen,53,177470,57757,0.3254465543472136
2018,Legal noncitizen,54,176333,57050,0.3235355832430685
2018,Legal noncitizen,55,174742,58857,0.33682228657105906
2018,Legal noncitizen,56,157992,49855,0.31555395209884046
2018,Legal noncitizen,57,146945,49340,0.3357718874408792
2018,Legal noncitizen,58,147797,47549,0.32171830280722885
2018,Legal noncitizen,59,142595,51078,0.35820330306111714
2018,Legal noncitizen,60,156288,58160,0.37213349713349714
2018,Legal noncitizen,61,126577,45080,0.3561468513237002
2018,Legal noncitizen,62,136571,54316,0.39771254512304954
2018,Legal noncitizen,63,133251,50767,0.38098775994176404
2018,Legal noncitizen,64,112960,41664,0.36883852691218133
2018,Legal noncitizen,65,118332,40706,0.34399824223371533
2018,Legal noncitizen,66,105556,40121,0.38009208382280496
2018,Legal noncitizen,67,98801,32423,0.328164694689325
2018,Legal noncitizen,68,101759,38141,0.3748169695063827
2018,Legal noncitizen,69,87284,33255,0.38099766280188807
2018,Legal noncitizen,70,96102,32897,0.3423133753720006
2018,Legal noncitizen,71,82988,28535,0.3438448932375765
2018,Legal noncitizen,72,71293,28362,0.3978230681834121
2018,Legal noncitizen,73,66369,26544,0.39994575780861547
2018,Legal noncitizen,74,62886,22927,0.3645803517476068
2018,Legal noncitizen,75,58012,21949,0.378352754602496
2018,Legal noncitizen,76,49988,21383,0.4277626630391294
2018,Legal noncitizen,77,49985,20551,0.4111433430029009
2018,Legal noncitizen,78,46709,19273,0.4126185531696247
2018,Legal noncitizen,79,47775,22433,0.46955520669806383
2018,Legal noncitizen,80,40615,20599,0.5071771512987813
2018,Legal noncitizen,81,35889,14903,0.415252584357324
2018,Legal noncitizen,82,27574,11878,0.4307681148908392
2018,Legal noncitizen,83,31135,14490,0.46539264493335475
2018,Legal noncitizen,84,23962,12250,0.5112261080043402
2018,Legal noncitizen,85,22216,11424,0.5142239827151602
2018,Legal noncitizen,86,22145,11057,0.49930006773538044
2018,Legal noncitizen,87,18432,8224,0.4461805555555556
2018,Legal noncitizen,88,16469,8532,0.5180642419090412
2018,Legal noncitizen,89,10146,5353,0.5275970825941257
2018,Legal noncitizen,90,10051,4793,0.47686797333598646
2018,Legal noncitizen,91,3461,1591,0.4596937301357989
2018,Legal noncitizen,92,7553,4198,0.5558056401429895
2018,Legal noncitizen,93,2514,987,0.3926014319809069
2018,Legal noncitizen,94,24542,14066,0.5731399233966262
2018,Legal noncitizen,95,10463,5558,0.5312051992736309
2018,Legal noncitizen,96,632,401,0.634493670886076
2018,Native-born,0,3598314,1587566,0.44119718290288173
2018,Native-born,1,3837378,1685197,0.4391532447415918
2018,Native-born,2,3907858,1682317,0.4304959392076171
2018,Native-born,3,3977402,1709146,0.4297141702045707
2018,Native-born,4,3959151,1682997,0.425090379225243
2018,Native-born,5,3745810,1561198,0.416785154612754
2018,Native-born,6,3777679,1551598,0.41072785697249553
2018,Native-born,7,3800629,1556519,0.409542473101163
2018,Native-born,8,3893843,1563190,0.40145172776611693
2018,Native-born,9,3994747,1597562,0.39991568927894555
2018,Native-born,10,4173143,1668770,0.39988325346147974
2018,Native-born,11,4161551,1606425,0.3860159349242626
2018,Native-born,12,4100482,1554478,0.37909640866610317
2018,Native-born,13,4060694,1501032,0.3696491289419986
2018,Native-born,14,4032067,1425768,0.35360721932448047
2018,Native-born,15,3903269,1329272,0.34055352065153593
2018,Native-born,16,3882089,1253217,0.3228202650686267
2018,Native-born,17,3930660,1251194,0.31831651681905837
2018,Native-born,18,4264788,1116414,0.26177479396396724
2018,Native-born,19,3899160,719864,0.18462027718790713
2018,Native-born,20,4079855,686198,0.1681917617170218
2018,Native-born,21,3997987,655683,0.16400328465300162
2018,Native-born,22,3842473,619219,0.16115116488782094
2018,Native-born,23,3838446,601261,0.1566417763855477
2018,Native-born,24,3779858,624233,0.16514720923378604
2018,Native-born,25,4086874,651113,0.1593180998484416
2018,Native-born,26,4096193,727984,0.1777220946376306
2018,Native-born,27,4087157,763140,0.1867165856364216
2018,Native-born,28,4013409,715912,0.17838002555931878
2018,Native-born,29,3793013,659597,0.17389790121995363
2018,Native-born,30,3855486,663204,0.1720156680636371
2018,Native-born,31,3563312,605132,0.16982290632984146
2018,Native-born,32,3580231,605743,0.16919103823189063
2018,Native-born,33,3464046,568451,0.1641003035179094
2018,Native-born,34,3365319,567006,0.16848506783457973
2018,Native-born,35,3643752,574474,0.1576600163787217
2018,Native-born,36,3426704,526761,0.15372235244129637
2018,Native-born,37,3397152,518368,0.15258899219110597
2018,Native-born,38,3359043,504036,0.15005345272448134
2018,Native-born,39,3188245,460948,0.14457734584387336
2018,Native-born,40,3379449,506486,0.1498723608493574
2018,Native-born,41,3023406,430595,0.14242050191075892
2018,Native-born,42,3001348,405384,0.1350673097554832
2018,Native-born,43,3017728,395140,0.13093956778079402
2018,Native-born,44,2907077,392643,0.13506453389435505
2018,Native-born,45,3036666,401152,0.13210277323880862
2018,Native-born,46,3106329,387150,0.12463264515767647
2018,Native-born,47,3382959,405166,0.11976674857720711
2018,Native-born,48,3347570,400670,0.11968980484351335
2018,Native-born,49,3274236,415580,0.12692426569129409
2018,Native-born,50,3296432,412995,0.1252854601581346
2018,Native-born,51,3145470,401446,0.12762671397279263
2018,Native-born,52,3268641,422787,0.12934641644646813
2018,Native-born,53,3466020,472393,0.13629263535698005
2018,Native-born,54,3562279,476567,0.13378149212905557
2018,Native-born,55,3576865,472489,0.13209584370670965
2018,Native-born,56,3582256,499091,0.13932309695342823
2018,Native-born,57,3636746,512361,0.14088446099892596
2018,Native-born,58,3621241,506086,0.13975485199687068
2018,Native-born,59,3577396,503465,0.14073504862195854
2018,Native-born,60,3693900,546127,0.14784563740220363
2018,Native-born,61,3612933,521643,0.14438214049361003
2018,Native-born,62,3514424,500577,0.14243500499655135
2018,Native-born,63,3455859,488962,0.14148783269224816
2018,Native-born,64,3368412,452613,0.13436984549395978
2018,Native-born,65,3176573,391024,0.12309617943614078
2018,Native-born,66,3033139,350060,0.11541178956849653
2018,Native-born,67,2950243,353515,0.11982572283028889
2018,Native-born,68,2810437,320891,0.11417832885063782
2018,Native-born,69,2745595,318421,0.11597522577073457
2018,Native-born,70,2801375,317593,0.11337039846503949
2018,Native-born,71,2778864,292788,0.10536247905618987
2018,Native-born,72,2134709,249074,0.11667819829306945
2018,Native-born,73,1985213,231616,0.11667060411149836
2018,Native-born,74,1964505,240010,0.1221732701113003
2018,Native-born,75,2055855,241405,0.11742316457143136
2018,Native-born,76,1733110,217583,0.12554482981461074
2018,Native-born,77,1545920,197090,0.127490426412751
2018,Native-born,78,1404078,190371,0.13558434787810933
2018,Native-born,79,1336421,167845,0.1255929082227831
2018,Native-born,80,1264417,178486,0.1411607088484258
2018,Native-born,81,1132585,163357,0.14423376611909922
2018,Native-born,82,1035270,150650,0.14551759444396148
2018,Native-born,83,964647,148516,0.15395890932123357
2018,Native-born,84,860332,128390,0.14923308676185473
2018,Native-born,85,809440,129150,0.1595547539039336
2018,Native-born,86,734872,109807,0.1494233009285971
2018,Native-born,87,686065,107445,0.15661052524177738
2018,Native-born,88,600815,102982,0.1714038431131047
2018,Native-born,89,465191,80699,0.1734749812442631
2018,Native-born,90,352932,64878,0.18382577947026624
2018,Native-born,91,153149,30636,0.20004048345075712
2018,Native-born,92,241611,47771,0.1977186469159103
2018,Native-born,93,264030,58453,0.22138772109230012
2018,Native-born,94,783436,159850,0.20403708790507458
2018,Native-born,95,366653,85929,0.23436055343881
2018,Native-born,96,22452,5363,0.23886513450917513
2018,Naturalized citizen,0,7654,3491,0.456101384896786
2018,Naturalized citizen,1,6208,2396,0.3859536082474227
2018,Naturalized citizen,2,7644,3559,0.46559392987964415
2018,Naturalized citizen,3,11031,6594,0.5977699211313571
2018,Naturalized citizen,4,12992,5647,0.4346520935960591
2018,Naturalized citizen,5,17458,8556,0.4900905029212968
2018,Naturalized citizen,6,17486,8700,0.49754088985474093
2018,Naturalized citizen,7,25440,10448,0.4106918238993711
2018,Naturalized citizen,8,24398,10757,0.4408967948192475
2018,Naturalized citizen,9,31356,13414,0.42779691287153976
2018,Naturalized citizen,10,36365,13082,0.3597415096933865
2018,Naturalized citizen,11,40137,13554,0.3376934001046416
2018,Naturalized citizen,12,57822,21158,0.3659160873024108
2018,Naturalized citizen,13,64325,22070,0.34310143801010495
2018,Naturalized citizen,14,64431,24956,0.3873290807220127
2018,Naturalized citizen,15,76871,28364,0.3689818006790597
2018,Naturalized citizen,16,79565,27130,0.34097907371331615
2018,Naturalized citizen,17,93460,34073,0.36457307939225336
2018,Naturalized citizen,18,112784,35096,0.31117889062278337
2018,Naturalized citizen,19,110042,29372,0.26691626833390886
2018,Naturalized citizen,20,138962,31303,0.22526302154545846
2018,Naturalized citizen,21,137925,30595,0.22182345477614646
2018,Naturalized citizen,22,132448,26286,0.19846279294515584
2018,Naturalized citizen,23,140459,25015,0.1780946753145046
2018,Naturalized citizen,24,155330,24721,0.15915148393742354
2018,Naturalized citizen,25,184019,32993,0.17929126883637017
2018,Naturalized citizen,26,188868,34088,0.18048584196369952
2018,Naturalized citizen,27,204501,38430,0.18792084146287794
2018,Naturalized citizen,28,214555,39229,0.1828388991167766
2018,Naturalized citizen,29,238296,40487,0.16990213851680264
2018,Naturalized citizen,30,284381,50522,0.17765603187273413
2018,Naturalized citizen,31,259972,40236,0.15477051374763437
2018,Naturalized citizen,32,287222,50536,0.17594752491104443
2018,Naturalized citizen,33,279843,49799,0.17795335241546154
2018,Naturalized citizen,34,316877,53616,0.1692012989267129
2018,Naturalized citizen,35,333170,50935,0.15287991115646668
2018,Naturalized citizen,36,350324,56758,0.16201573400623423
2018,Naturalized citizen,37,340306,51046,0.1500002938531792
2018,Naturalized citizen,38,367173,58054,0.15811075433106464
2018,Naturalized citizen,39,365738,54075,0.14785174086367836
2018,Naturalized citizen,40,421222,65982,0.15664423985451853
2018,Naturalized citizen,41,394981,54603,0.1382420926576215
2018,Naturalized citizen,42,429443,60164,0.14009775453319764
2018,Naturalized citizen,43,440849,58618,0.13296616301726896
2018,Naturalized citizen,44,440459,59284,0.13459595558269896
2018,Naturalized citizen,45,498473,70667,0.14176695628449285
2018,Naturalized citizen,46,479734,71502,0.14904509582393577
2018,Naturalized citizen,47,475391,64032,0.13469333664288974
2018,Naturalized citizen,48,475655,62246,0.13086375629395255
2018,Naturalized citizen,49,491835,60054,0.12210192442587453
2018,Naturalized citizen,50,509011,70011,0.1375431965124526
2018,Naturalized citizen,51,457999,63042,0.13764658874801036
2018,Naturalized citizen,52,493059,65165,0.13216471051131812
2018,Naturalized citizen,53,483503,68174,0.14100015925444104
2018,Naturalized citizen,54,488496,69858,0.14300628869018375
2018,Naturalized citizen,55,500177,77015,0.15397549267559285
2018,Naturalized citizen,56,452248,70561,0.15602280164865295
2018,Naturalized citizen,57,455905,70156,0.1538829361380112
2018,Naturalized citizen,58,465083,69519,0.1494765450467981
2018,Naturalized citizen,59,452114,76024,0.16815228017712347
2018,Naturalized citizen,60,469094,82328,0.17550426993310508
2018,Naturalized citizen,61,419606,79258,0.18888671753978734
2018,Naturalized citizen,62,424455,70742,0.1666654886854908
2018,Naturalized citizen,63,401284,78931,0.1966961055013407
2018,Naturalized citizen,64,385566,75489,0.19578749163567327
2018,Naturalized citizen,65,390835,74039,0.18943799813220413
2018,Naturalized citizen,66,343102,66189,0.19291347762472968
2018,Naturalized citizen,67,344173,66444,0.19305407454971774
2018,Naturalized citizen,68,337779,72838,0.2156380355202662
2018,Naturalized citizen,69,309179,64358,0.20815773386937664
2018,Naturalized citizen,70,332468,74754,0.22484569943573518
2018,Naturalized citizen,71,304605,74082,0.24320677598857537
2018,Naturalized citizen,72,266201,63371,0.2380569569610933
2018,Naturalized citizen,73,238301,60994,0.25595360489465
2018,Naturalized citizen,74,229350,59377,0.25889252234575977
2018,Naturalized citizen,75,220514,57691,0.2616205773783071
2018,Naturalized citizen,76,202608,50985,0.25164356787491116
2018,Naturalized citizen,77,198658,53991,0.27177863463842383
2018,Naturalized citizen,78,195177,59361,0.3041393196944312
2018,Naturalized citizen,79,169633,49046,0.28913006313630013
2018,Naturalized citizen,80,171038,54382,0.31795273564938786
2018,Naturalized citizen,81,147354,55730,0.37820486719057506
2018,Naturalized citizen,82,144495,50896,0.3522336413024672
2018,Naturalized citizen,83,126408,43500,0.3441237896335675
2018,Naturalized citizen,84,112748,41729,0.3701085606840033
2018,Naturalized citizen,85,108945,41797,0.3836523016200835
2018,Naturalized citizen,86,89368,34768,0.38904305791782295
2018,Naturalized citizen,87,78773,32660,0.4146090665583385
2018,Naturalized citizen,88,72311,28199,0.38996833123591157
2018,Naturalized citizen,89,59222,24134,0.4075174766134207
2018,Naturalized citizen,90,51891,22546,0.4344876760902661
2018,Naturalized citizen,91,20282,8416,0.4149492160536436
2018,Naturalized citizen,92,19631,6919,0.3524527532983546
2018,Naturalized citizen,93,13017,2948,0.2264730736728893
2018,Naturalized citizen,94,94942,39523,0.4162857323418508
2018,Naturalized citizen,95,59306,21751,0.3667588439618251
2018,Naturalized citizen,96,3731,1981,0.5309568480300187
2018,Undocumented,0,12767.23975,2762.72125,0.21639142869546255
2018,Undocumented,1,17872.7781625,2667.71308125,0.14926124282386588
2018,Undocumented,2,20706.0994190625,3653.10330265625,0.17642643497080485
2018,Undocumented,3,37138.05022182031,3370.42306234375,0.0907539044783636
2018,Undocumented,4,40913.01842571446,4501.797367359473,0.11003337178686443
2018,Undocumented,5,46599.705154562456,4282.273068064162,0.09189485327987951
2018,Undocumented,6,52925.439602639795,5829.648446458189,0.11014832357041811
2018,Undocumented,7,51603.92532996928,9181.595560234802,0.17792436334106812
2018,Undocumented,8,55092.69542742616,5761.405293380444,0.10457657314970127
2018,Undocumented,9,52292.55935730768,6998.81375506942,0.13383957184515513
2018,Undocumented,10,58927.193402443205,7843.520352326436,0.13310527617969387
2018,Undocumented,11,57166.51938228199,6548.504952426842,0.11455140217013919
2018,Undocumented,12,62041.544206065504,10307.851376893945,0.16614433939067227
2018,Undocumented,13,65840.12200030862,10763.308022505356,0.1634764288932348
2018,Undocumented,14,71261.97180603129,11933.312089264546,0.16745694494317326
2018,Undocumented,15,84114.62602688569,14764.563738734205,0.1755290897211501
2018,Undocumented,16,94832.79488711542,15322.05128639372,0.16156912073120255
2018,Undocumented,17,107018.878188467,16274.084950744118,0.15206742236714935
2018,Undocumented,18,165119.31129808925,19814.08441635763,0.1199985892660813
2018,Undocumented,19,166872.30891740462,0,0
2018,Undocumented,20,185317.75645835896,0,0
2018,Undocumented,21,200010.05919746237,0,0
2018,Undocumented,22,207568.986113003,0,0
2018,Undocumented,23,210730.76488555584,0,0
2018,Undocumented,24,215134.0441564623,0,0
2018,Undocumented,25,242234.90158120496,0,0
2018,Undocumented,26,220379.5246717089,0,0
2018,Undocumented,27,227403.4288103393,0,0
2018,Undocumented,28,250872.37020160514,0,0
2018,Undocumented,29,234942.2671911498,0,0
2018,Undocumented,30,292215.2007117557,0,0
2018,Undocumented,31,239845.12805981253,0,0
2018,Undocumented,32,284735.3994646063,0,0
2018,Undocumented,33,279542.8936425317,0,0
2018,Undocumented,34,281343.28661503026,0,0
2018,Undocumented,35,319069.4440850559,0,0
2018,Undocumented,36,302982.4344091712,0,0
2018,Undocumented,37,269329.87979806436,0,0
2018,Undocumented,38,302271.56599037716,0,0
2018,Undocumented,39,281976.1222911669,0,0
2018,Undocumented,40,337210.1104217144,0,0
2018,Undocumented,41,252402.08131570063,0,0
2018,Undocumented,42,260515.27509674494,0,0
2018,Undocumented,43,254236.44714810792,0,0
2018,Undocumented,44,225360.43615868103,0,0
2018,Undocumented,45,259123.53617860933,0,0
2018,Undocumented,46,223169.2435209043,0,0
2018,Undocumented,47,208077.41511284,0,0
2018,Undocumented,48,215044.24207897316,0,0
2018,Undocumented,49,192325.7231066844,0,0
2018,Undocumented,50,199135.6002772398,0,0
2018,Undocumented,51,152754.50539336796,0,0
2018,Undocumented,52,148509.41007740196,0,0
2018,Undocumented,53,138134.70044124388,0,0
2018,Undocumented,54,134461.86642484565,0,0
2018,Undocumented,55,130335.2166671001,0,0
2018,Undocumented,56,100694.07083179029,0,0
2018,Undocumented,57,93018.73444677886,0,0
2018,Undocumented,58,96867.18168646615,0,0
2018,Undocumented,59,77114.58856786763,0,0
2018,Undocumented,60,85462.400736781,0,0
2018,Undocumented,61,62753.07507399954,0,0
2018,Undocumented,62,62081.70416412004,0,0
2018,Undocumented,63,62491.553845233604,0,0
2018,Undocumented,64,48062.65555885151,0,0
2018,Undocumented,65,44257.210317158424,0,0
2018,Undocumented,66,35372.96813280743,0,0
2018,Undocumented,67,32421.331830129766,0,0
2018,Undocumented,68,24800.91497660492,0,0
2018,Undocumented,69,20352.455207668365,0,0
2018,Undocumented,70,20799.6454049134,0,0
2018,Undocumented,71,16781.16962992759,0,0
2018,Undocumented,72,16604.24965242158,0,0
2018,Undocumented,73,12609.45204554929,0,0
2018,Undocumented,74,11988.133456092317,0,0
2018,Undocumented,75,10604.63834299917,0,0
2018,Undocumented,76,9588.960928942985,0,0
2018,Undocumented,77,8397.482243134666,0,0
2018,Undocumented,78,9185.72403125462,0,0
2018,Undocumented,79,8374.077308093167,0,0
2018,Undocumented,80,8774.051944135239,0,0
2018,Undocumented,81,5207.237408365337,0,0
2018,Undocumented,82,3458.490798807512,0,0
2018,Undocumented,83,5632.922650030755,0,0
2018,Undocumented,84,4870.241843761085,0,0
2018,Undocumented,85,3612.2471559016512,0,0
2018,Undocumented,86,2891.3934994122424,0,0
2018,Undocumented,87,1834.103950656231,0,0
2018,Undocumented,88,2939.0815641244362,0,0
2018,Undocumented,89,1388.2998991402385,0,0
2018,Undocumented,90,300.791422318322,0,0
2018,Undocumented,91,187.1610635560681,0,0
2018,Undocumented,92,2165.246462073941,0,0
2018,Undocumented,93,388.64099999999996,0,0
2018,Undocumented,94,1954.8178811013013,0,0
2018,Undocumented,95,1246.6708172805957,0,0
2019,Legal noncitizen,0,9967,5896,0.5915521220026086
2019,Legal noncitizen,1,14741,8402,0.5699748999389458
2019,Legal noncitizen,2,21600,9932,0.4598148148148148
2019,Legal noncitizen,3,31207,17111,0.5483064697023103
2019,Legal noncitizen,4,46460,24147,0.5197374085234611
2019,Legal noncitizen,5,49837,28436,0.5705800910969762
2019,Legal noncitizen,6,57459,33643,0.5855131485058912
2019,Legal noncitizen,7,54967,31788,0.5783106227372787
2019,Legal noncitizen,8,58941,31277,0.5306492933611577
2019,Legal noncitizen,9,60052,36153,0.6020282421901019
2019,Legal noncitizen,10,63329,41618,0.6571712801402201
2019,Legal noncitizen,11,59213,37183,0.6279533210612535
2019,Legal noncitizen,12,58534,37604,0.6424300406601292
2019,Legal noncitizen,13,71315,45631,0.6398513636682325
2019,Legal noncitizen,14,67342,42528,0.6315226752992189
2019,Legal noncitizen,15,65294,41581,0.6368272735626551
2019,Legal noncitizen,16,70151,45321,0.6460492366466623
2019,Legal noncitizen,17,67691,46426,0.6858518857750661
2019,Legal noncitizen,18,76421,46145,0.6038261734340037
2019,Legal noncitizen,19,87819,45046,0.5129413908151994
2019,Legal noncitizen,20,97076,45987,0.47372162017388436
2019,Legal noncitizen,21,96418,38021,0.39433508266091394
2019,Legal noncitizen,22,89940,34093,0.3790638203246609
2019,Legal noncitizen,23,120582,40135,0.33284403974059146
2019,Legal noncitizen,24,131070,40752,0.3109178301670863
2019,Legal noncitizen,25,171323,44410,0.2592179683988723
2019,Legal noncitizen,26,184967,43401,0.23464185503360058
2019,Legal noncitizen,27,204483,51634,0.25250998860540974
2019,Legal noncitizen,28,229142,51707,0.22565483412032714
2019,Legal noncitizen,29,263317,54112,0.20550135388144328
2019,Legal noncitizen,30,281305,62795,0.2232274577415972
2019,Legal noncitizen,31,263914,61508,0.2330607697962215
2019,Legal noncitizen,32,282030,65793,0.2332836932241251
2019,Legal noncitizen,33,297006,67490,0.2272344666437715
2019,Legal noncitizen,34,284940,64762,0.22728293675861586
2019,Legal noncitizen,35,321340,78452,0.24414016306715627
2019,Legal noncitizen,36,301228,74131,0.2460959804533443
2019,Legal noncitizen,37,278376,63525,0.2281985515992758
2019,Legal noncitizen,38,285934,69748,0.24393041750893563
2019,Legal noncitizen,39,275629,72854,0.2643190665713695
2019,Legal noncitizen,40,302940,88307,0.29149996699016306
2019,Legal noncitizen,41,255896,61116,0.23883140025635413
2019,Legal noncitizen,42,249951,59272,0.2371344783577581
2019,Legal noncitizen,43,237893,61503,0.25853219724834275
2019,Legal noncitizen,44,239614,71899,0.3000617660069946
2019,Legal noncitizen,45,231211,67428,0.2916297234993145
2019,Legal noncitizen,46,221929,62590,0.28202713480437436
2019,Legal noncitizen,47,225694,56333,0.2495990145949826
2019,Legal noncitizen,48,204570,58111,0.2840641345260791
2019,Legal noncitizen,49,199892,57920,0.2897564684929862
2019,Legal noncitizen,50,209080,67820,0.3243734455710733
2019,Legal noncitizen,51,178115,55060,0.3091261263790248
2019,Legal noncitizen,52,174084,56045,0.3219422807380345
2019,Legal noncitizen,53,166292,51260,0.30825295263752917
2019,Legal noncitizen,54,170012,52432,0.30840175987577345
2019,Legal noncitizen,55,165152,50448,0.3054640573532261
2019,Legal noncitizen,56,156667,51959,0.3316524858457748
2019,Legal noncitizen,57,149256,43503,0.29146566972182025
2019,Legal noncitizen,58,136030,41700,0.3065500257296185
2019,Legal noncitizen,59,140740,46348,0.3293164700866847
2019,Legal noncitizen,60,143781,45109,0.31373408169368694
2019,Legal noncitizen,61,119390,40859,0.3422313426585141
2019,Legal noncitizen,62,130426,40188,0.30812874733565393
2019,Legal noncitizen,63,122373,45397,0.3709723550129522
2019,Legal noncitizen,64,117197,40400,0.3447187214689796
2019,Legal noncitizen,65,122362,38095,0.3113303149670649
2019,Legal noncitizen,66,117800,41472,0.35205432937181663
2019,Legal noncitizen,67,99891,31938,0.3197285040694357
2019,Legal noncitizen,68,88883,30029,0.3378486324719013
2019,Legal noncitizen,69,90691,33063,0.36456759766680263
2019,Legal noncitizen,70,98906,33288,0.336561988150365
2019,Legal noncitizen,71,78735,27197,0.34542452530640755
2019,Legal noncitizen,72,81049,32282,0.39830226159483767
2019,Legal noncitizen,73,68554,24929,0.3636403419202381
2019,Legal noncitizen,74,67136,26391,0.39309759294566254
2019,Legal noncitizen,75,63309,21442,0.33868802224012384
2019,Legal noncitizen,76,58629,23681,0.4039127394292927
2019,Legal noncitizen,77,45079,18079,0.4010514873888063
2019,Legal noncitizen,78,44574,18251,0.4094539417597703
2019,Legal noncitizen,79,44843,20186,0.45014829516312466
2019,Legal noncitizen,80,37277,17835,0.4784451538482174
2019,Legal noncitizen,81,32763,14195,0.43326313219180174
2019,Legal noncitizen,82,32308,16251,0.503002352358549
2019,Legal noncitizen,83,26822,14983,0.5586086048765938
2019,Legal noncitizen,84,25454,10985,0.43156281920326867
2019,Legal noncitizen,85,23683,11944,0.5043279989866148
2019,Legal noncitizen,86,19306,9189,0.47596602092613693
2019,Legal noncitizen,87,19296,10592,0.548922056384743
2019,Legal noncitizen,88,13192,5826,0.4416312916919345
2019,Legal noncitizen,89,14331,8141,0.5680692205707906
2019,Legal noncitizen,90,9604,4870,0.5070803831736777
2019,Legal noncitizen,91,3917,1748,0.446259892775083
2019,Legal noncitizen,92,7951,5354,0.6733744183121619
2019,Legal noncitizen,93,2028,494,0.24358974358974358
2019,Legal noncitizen,94,18848,9983,0.5296583191850595
2019,Legal noncitizen,95,7377,3655,0.495458858614613
2019,Legal noncitizen,96,359,144,0.4011142061281337
2019,Native-born,0,3473867,1477422,0.4252960749504803
2019,Native-born,1,3740280,1592396,0.42574245778390923
2019,Native-born,2,3860057,1611377,0.41744901694456843
2019,Native-born,3,3944975,1647949,0.41773369919961467
2019,Native-born,4,4008125,1649349,0.411501387806019
2019,Native-born,5,3776754,1531110,0.40540368792884046
2019,Native-born,6,3744037,1481507,0.3956977455083911
2019,Native-born,7,3760513,1486984,0.3954205184239491
2019,Native-born,8,3878469,1544454,0.3982122842802147
2019,Native-born,9,3908651,1527889,0.3908993153903994
2019,Native-born,10,4065968,1568586,0.38578414783392295
2019,Native-born,11,4152731,1571142,0.3783394590210635
2019,Native-born,12,4186705,1566316,0.3741166382632643
2019,Native-born,13,4107071,1474567,0.35903129018222474
2019,Native-born,14,4102487,1449622,0.3533520033092122
2019,Native-born,15,3965095,1358074,0.34250730436471255
2019,Native-born,16,3890056,1244111,0.3198182751096642
2019,Native-born,17,3846922,1203948,0.312963974834946
2019,Native-born,18,4211476,1116647,0.2651438593025343
2019,Native-born,19,3964760,722449,0.18221758694094978
2019,Native-born,20,4101968,700225,0.17070464713522876
2019,Native-born,21,3969345,625956,0.15769755463432883
2019,Native-born,22,3800327,580585,0.15277237985047076
2019,Native-born,23,3759435,587458,0.15626231069296317
2019,Native-born,24,3738374,556561,0.14887782763308327
2019,Native-born,25,4079290,606490,0.14867538223563415
2019,Native-born,26,3959017,665491,0.16809500944300063
2019,Native-born,27,3983351,691847,0.17368466901360186
2019,Native-born,28,4030761,699540,0.17355035438717403
2019,Native-born,29,4052739,694655,0.17140383330878203
2019,Native-born,30,3972427,663214,0.16695435812917392
2019,Native-born,31,3622261,576931,0.15927372433957684
2019,Native-born,32,3638152,583772,0.16045838656548708
2019,Native-born,33,3552579,561562,0.15807164316402253
2019,Native-born,34,3541715,546866,0.1544071163264125
2019,Native-born,35,3583678,547183,0.1526875461467241
2019,Native-born,36,3470618,515724,0.14859716626837063
2019,Native-born,37,3443143,504567,0.14654256300130433
2019,Native-born,38,3389363,482861,0.14246364287330687
2019,Native-born,39,3320029,476777,0.14360627572831441
2019,Native-born,40,3425977,482723,0.14090082916493601
2019,Native-born,41,3087483,421913,0.13665273622559218
2019,Native-born,42,3080108,407072,0.13216159952832823
2019,Native-born,43,2988050,400908,0.13417044560833988
2019,Native-born,44,3001874,385130,0.12829652410460932
2019,Native-born,45,2971873,360129,0.1211791351783875
2019,Native-born,46,2943087,363586,0.12353899154187423
2019,Native-born,47,3104958,378841,0.12201163429585843
2019,Native-born,48,3401759,434556,0.1277444992428917
2019,Native-born,49,3334234,401798,0.12050683905208813
2019,Native-born,50,3351619,426390,0.1272191141057501
2019,Native-born,51,3057271,388875,0.12719677123814016
2019,Native-born,52,3156115,397491,0.12594312944870514
2019,Native-born,53,3262184,421407,0.12917940864157265
2019,Native-born,54,3459704,450134,0.13010766238961483
2019,Native-born,55,3523876,489029,0.13877588201173935
2019,Native-born,56,3501056,475243,0.13574275875621528
2019,Native-born,57,3517527,495914,0.14098370815632688
2019,Native-born,58,3636836,519025,0.14271333653758378
2019,Native-born,59,3617412,507792,0.1403743892042156
2019,Native-born,60,3730463,546732,0.1465587515544317
2019,Native-born,61,3620259,524313,0.1448274833375181
2019,Native-born,62,3599572,515462,0.14320091388642872
2019,Native-born,63,3468642,481862,0.138919496448466
2019,Native-born,64,3439796,468032,0.1360638828581695
2019,Native-born,65,3264368,411610,0.12609178867088514
2019,Native-born,66,3116919,380587,0.12210359011575213
2019,Native-born,67,2977254,349823,0.1174985406015073
2019,Native-born,68,2842537,338969,0.11924875560107046
2019,Native-born,69,2773176,319936,0.11536808338165339
2019,Native-born,70,2741898,320437,0.11686685646220246
2019,Native-born,71,2720357,300949,0.11062849471595089
2019,Native-born,72,2771326,305757,0.11032877402369841
2019,Native-born,73,2085987,238035,0.11411144940021199
2019,Native-born,74,1939831,228643,0.11786748433239803
2019,Native-born,75,1941833,234076,0.12054383667390553
2019,Native-born,76,1943808,231774,0.11923708514421177
2019,Native-born,77,1688882,199449,0.11809528433602821
2019,Native-born,78,1514162,187525,0.12384738224839878
2019,Native-born,79,1364115,172840,0.12670485992749878
2019,Native-born,80,1315230,180506,0.13724291568775043
2019,Native-born,81,1179757,156645,0.13277734313083117
2019,Native-born,82,1070282,155875,0.14563918668164091
2019,Native-born,83,974323,143649,0.1474346802856958
2019,Native-born,84,901233,135357,0.15019090512664315
2019,Native-born,85,799565,119118,0.14897850706321564
2019,Native-born,86,723170,113362,0.1567570557406972
2019,Native-born,87,661154,112396,0.16999972774875444
2019,Native-born,88,595611,101395,0.17023694995559183
2019,Native-born,89,486125,78901,0.16230599125739265
2019,Native-born,90,346388,62982,0.18182500548517846
2019,Native-born,91,211277,35205,0.16662959053754076
2019,Native-born,92,231520,47082,0.203360400829302
2019,Native-born,93,240091,49589,0.2065425192947674
2019,Native-born,94,750532,152006,0.20253100467401788
2019,Native-born,95,393392,87478,0.2223685280839468
2019,Native-born,96,10749,3234,0.3008651967624895
2019,Naturalized citizen,0,7846,3664,0.46698954881468263
2019,Naturalized citizen,1,8345,4128,0.4946674655482325
2019,Naturalized citizen,2,7873,3193,0.40556331766797915
2019,Naturalized citizen,3,9858,5762,0.5844998985595455
2019,Naturalized citizen,4,12785,5555,0.4344935471255377
2019,Naturalized citizen,5,13797,5560,0.4029861564108139
2019,Naturalized citizen,6,15261,5665,0.37120765349583906
2019,Naturalized citizen,7,18418,6786,0.36844391356281897
2019,Naturalized citizen,8,24074,8575,0.3561934036720113
2019,Naturalized citizen,9,31763,11107,0.3496835941189434
2019,Naturalized citizen,10,31680,11277,0.3559659090909091
2019,Naturalized citizen,11,39716,15455,0.3891378789404774
2019,Naturalized citizen,12,48812,16733,0.3428050479390314
2019,Naturalized citizen,13,53793,18859,0.3505846485602216
2019,Naturalized citizen,14,65307,21239,0.32521781738557887
2019,Naturalized citizen,15,78239,25806,0.32983550403251577
2019,Naturalized citizen,16,80908,25151,0.3108592475404163
2019,Naturalized citizen,17,80287,29701,0.3699353569070958
2019,Naturalized citizen,18,108831,36057,0.3313118504837776
2019,Naturalized citizen,19,114595,31086,0.27126837994676906
2019,Naturalized citizen,20,136345,28089,0.2060141552678866
2019,Naturalized citizen,21,133308,24156,0.1812044288414799
2019,Naturalized citizen,22,129711,24789,0.19110946642921572
2019,Naturalized citizen,23,145376,24631,0.16942961699317632
2019,Naturalized citizen,24,139931,23301,0.16651778376485554
2019,Naturalized citizen,25,194389,34172,0.17579184007325518
2019,Naturalized citizen,26,181044,29117,0.16082830693091182
2019,Naturalized citizen,27,198326,32098,0.16184463963373436
2019,Naturalized citizen,28,194823,39609,0.2033076176837437
2019,Naturalized citizen,29,227253,37685,0.16582839390459092
2019,Naturalized citizen,30,261724,45816,0.175054637709954
2019,Naturalized citizen,31,259018,42516,0.16414303253055773
2019,Naturalized citizen,32,272526,42712,0.15672633069872233
2019,Naturalized citizen,33,293077,42019,0.14337187838008442
2019,Naturalized citizen,34,304324,43728,0.1436889630788239
2019,Naturalized citizen,35,335142,48677,0.14524291195970662
2019,Naturalized citizen,36,329267,49205,0.14943799408990271
2019,Naturalized citizen,37,366490,59918,0.16349150045021693
2019,Naturalized citizen,38,375189,50406,0.13434828846261485
2019,Naturalized citizen,39,389021,57001,0.14652422362803036
2019,Naturalized citizen,40,432689,63447,0.14663418760356745
2019,Naturalized citizen,41,385634,47178,0.12233879792756863
2019,Naturalized citizen,42,438201,58379,0.1332242509715861
2019,Naturalized citizen,43,424947,53918,0.12688170524794856
2019,Naturalized citizen,44,450241,63441,0.1409045377919825
2019,Naturalized citizen,45,488915,67247,0.13754333575365862
2019,Naturalized citizen,46,490302,59874,0.12211657305089517
2019,Naturalized citizen,47,496644,60256,0.12132634241025765
2019,Naturalized citizen,48,495713,64204,0.12951849154651987
2019,Naturalized citizen,49,488631,59707,0.12219241104227935
2019,Naturalized citizen,50,547388,67455,0.12323068828691897
2019,Naturalized citizen,51,472925,58532,0.12376592482951843
2019,Naturalized citizen,52,480959,58057,0.1207109129884252
2019,Naturalized citizen,53,481576,65335,0.1356691363356978
2019,Naturalized citizen,54,495034,59378,0.1199473167499606
2019,Naturalized citizen,55,515720,71301,0.1382552547894206
2019,Naturalized citizen,56,491215,70984,0.14450698777521045
2019,Naturalized citizen,57,471576,61338,0.13007023258181077
2019,Naturalized citizen,58,464691,65339,0.1406074143893469
2019,Naturalized citizen,59,464006,75580,0.16288582475226612
2019,Naturalized citizen,60,466655,75749,0.16232334379788066
2019,Naturalized citizen,61,444387,75665,0.1702682571722395
2019,Naturalized citizen,62,420981,74104,0.17602694658428766
2019,Naturalized citizen,63,417629,74423,0.1782036209171298
2019,Naturalized citizen,64,406239,80103,0.1971819544652286
2019,Naturalized citizen,65,403576,67588,0.1674727932285369
2019,Naturalized citizen,66,367928,68222,0.18542214781152835
2019,Naturalized citizen,67,342122,65646,0.19187892038512577
2019,Naturalized citizen,68,333999,68760,0.20586887984694566
2019,Naturalized citizen,69,333341,72346,0.21703300824081045
2019,Naturalized citizen,70,337248,71928,0.2132792485055508
2019,Naturalized citizen,71,310447,69245,0.22304934497675932
2019,Naturalized citizen,72,304635,73337,0.24073727575623288
2019,Naturalized citizen,73,272135,71581,0.26303489077112463
2019,Naturalized citizen,74,238813,56219,0.23541013261422117
2019,Naturalized citizen,75,229168,55348,0.2415171402639112
2019,Naturalized citizen,76,215532,55868,0.2592097693149973
2019,Naturalized citizen,77,204979,53597,0.26147556578966624
2019,Naturalized citizen,78,198144,59283,0.29919149709302323
2019,Naturalized citizen,79,183824,54677,0.29744211854817654
2019,Naturalized citizen,80,181339,60684,0.33464395414113896
2019,Naturalized citizen,81,154919,48381,0.3122986851193204
2019,Naturalized citizen,82,145798,49199,0.3374463298536331
2019,Naturalized citizen,83,137841,50267,0.3646737908169558
2019,Naturalized citizen,84,115820,41698,0.3600241754446555
2019,Naturalized citizen,85,112473,39623,0.35228899380295714
2019,Naturalized citizen,86,91298,35153,0.385035816775833
2019,Naturalized citizen,87,88179,36368,0.41243379943070346
2019,Naturalized citizen,88,81298,30183,0.3712637457256021
2019,Naturalized citizen,89,66326,29865,0.4502759098995869
2019,Naturalized citizen,90,52042,24083,0.4627608470081857
2019,Naturalized citizen,91,26327,11639,0.44209366809739054
2019,Naturalized citizen,92,22128,10685,0.48287237888647866
2019,Naturalized citizen,93,16241,5060,0.3115571701249923
2019,Naturalized citizen,94,101215,46287,0.457313639282715
2019,Naturalized citizen,95,73026,32932,0.45096267082956754
2019,Naturalized citizen,96,1225,286,0.23346938775510204
2019,Undocumented,0,11555.33,1490.08,0.12895174780815433
2019,Undocumented,1,15692.5288875,2568.19525,0.16365719435098283
2019,Undocumented,2,26910.75710375,3740.21122390625,0.13898573011106602
2019,Undocumented,3,33631.15000110156,4592.287099390625,0.1365486193377333
2019,Undocumented,4,43812.96697614737,6846.592711662111,0.15626863881164516
2019,Undocumented,5,44218.96460011035,5770.747843305317,0.1305039115115535
2019,Undocumented,6,58056.16217249145,6571.090573821486,0.11318506645854456
2019,Undocumented,7,63585.47100545354,7299.007685531378,0.11479049490575235
2019,Undocumented,8,54844.369927807726,5873.039807359261,0.1070855552737685
2019,Undocumented,9,65629.91104671879,8164.95296989146,0.12440902082099764
2019,Undocumented,10,60261.59645291046,6804.440606905697,0.1129150405469728
2019,Undocumented,11,62296.101865594246,8285.710166572464,0.1330052751045184
2019,Undocumented,12,65964.10934919128,7980.826802870745,0.12098741090587606
2019,Undocumented,13,70752.6156610383,9743.17751042031,0.13770766521336728
2019,Undocumented,14,78488.52914392747,11482.938514781472,0.14630084981876473
2019,Undocumented,15,86475.77027749912,13457.668593594843,0.155623575834126
2019,Undocumented,16,86746.62501007754,12804.346197531098,0.14760627512648003
2019,Undocumented,17,106382.0568124155,15192.71619480397,0.14281276984137872
2019,Undocumented,18,151374.27681841658,12957.804226927874,0.08560109748680493
2019,Undocumented,19,163011.67649614438,0,0
2019,Undocumented,20,191814.57365988943,0,0
2019,Undocumented,21,195838.9324204466,0,0
2019,Undocumented,22,209429.72281470505,0,0
2019,Undocumented,23,193538.4851575145,0,0
2019,Undocumented,24,213510.45783787873,0,0
2019,Undocumented,25,218101.3746834016,0,0
2019,Undocumented,26,226404.48979426824,0,0
2019,Undocumented,27,232941.64008628027,0,0
2019,Undocumented,28,232549.56830372443,0,0
2019,Undocumented,29,226809.98531663697,0,0
2019,Undocumented,30,287395.8776859085,0,0
2019,Undocumented,31,234790.33660755632,0,0
2019,Undocumented,32,259850.18733038323,0,0
2019,Undocumented,33,260804.9516636518,0,0
2019,Undocumented,34,266884.2850723226,0,0
2019,Undocumented,35,303121.845776735,0,0
2019,Undocumented,36,286185.25255382067,0,0
2019,Undocumented,37,260511.1341626715,0,0
2019,Undocumented,38,280525.9420874866,0,0
2019,Undocumented,39,272450.67121468426,0,0
2019,Undocumented,40,318958.0670800282,0,0
2019,Undocumented,41,253497.13757311573,0,0
2019,Undocumented,42,272844.3435806313,0,0
2019,Undocumented,43,241839.26817923097,0,0
2019,Undocumented,44,252060.24612823827,0,0
2019,Undocumented,45,248814.41308014447,0,0
2019,Undocumented,46,238324.4822454667,0,0
2019,Undocumented,47,213275.35111264867,0,0
2019,Undocumented,48,216404.2450579237,0,0
2019,Undocumented,49,194830.3659747516,0,0
2019,Undocumented,50,202203.11958258043,0,0
2019,Undocumented,51,147281.61061394363,0,0
2019,Undocumented,52,151036.8818762884,0,0
2019,Undocumented,53,153165.73755940946,0,0
2019,Undocumented,54,136955.02499483823,0,0
2019,Undocumented,55,132300.09215829667,0,0
2019,Undocumented,56,131556.4435672217,0,0
2019,Undocumented,57,99019.30049832619,0,0
2019,Undocumented,58,93090.4432388689,0,0
2019,Undocumented,59,95061.60702816222,0,0
2019,Undocumented,60,92382.50511176964,0,0
2019,Undocumented,61,70665.90886046102,0,0
2019,Undocumented,62,71612.76732660412,0,0
2019,Undocumented,63,57731.232067175944,0,0
2019,Undocumented,64,56623.23066661026,0,0
2019,Undocumented,65,41500.08187987164,0,0
2019,Undocumented,66,30343.026616617233,0,0
2019,Undocumented,67,28846.79026826654,0,0
2019,Undocumented,68,26701.19866032338,0,0
2019,Undocumented,69,23839.53604425476,0,0
2019,Undocumented,70,19252.880282191672,0,0
2019,Undocumented,71,16377.638855754063,0,0
2019,Undocumented,72,13374.09004889187,0,0
2019,Undocumented,73,13489.582047273227,0,0
2019,Undocumented,74,11566.842608588011,0,0
2019,Undocumented,75,11344.477398267223,0,0
2019,Undocumented,76,11175.909120518507,0,0
2019,Undocumented,77,8934.851906410466,0,0
2019,Undocumented,78,8836.222138021669,0,0
2019,Undocumented,79,7836.619451633175,0,0
2019,Undocumented,80,6168.75748182334,0,0
2019,Undocumented,81,6611.759860719602,0,0
2019,Undocumented,82,3804.116423740426,0,0
2019,Undocumented,83,4187.444882719112,0,0
2019,Undocumented,84,3877.185751142235,0,0
2019,Undocumented,85,2254.1700929568674,0,0
2019,Undocumented,86,2648.1755877556384,0,0
2019,Undocumented,87,788.9979499309178,0,0
2019,Undocumented,88,2863.6815503702433,0,0
2019,Undocumented,89,522.3638658184869,0,0
2019,Undocumented,90,1721.7405051856833,0,0
2019,Undocumented,91,187.227381071484,0,0
2019,Undocumented,92,1890.7487643522022,0,0
2019,Undocumented,93,315.21290515625003,0,0
2019,Undocumented,94,976.1813213795139,0,0
2019,Undocumented,95,1159.586206167114,0,0
2020,Legal noncitizen,0,13657,7307,0.5350369773742403
2020,Legal noncitizen,1,18022,9196,0.5102652313838641
2020,Legal noncitizen,2,20254,9216,0.4550212303742471
2020,Legal noncitizen,3,31454,16378,0.5206968906975266
2020,Legal noncitizen,4,35467,19642,0.553810584486988
2020,Legal noncitizen,5,46047,24550,0.5331509110256911
2020,Legal noncitizen,6,45758,27498,0.6009440972070458
2020,Legal noncitizen,7,57383,30529,0.5320216788944461
2020,Legal noncitizen,8,58348,32918,0.5641667237951601
2020,Legal noncitizen,9,60636,32315,0.5329342304901379
2020,Legal noncitizen,10,60058,35635,0.5933431016683872
2020,Legal noncitizen,11,60667,39411,0.6496282987456113
2020,Legal noncitizen,12,61513,37938,0.616747679352332
2020,Legal noncitizen,13,64547,36153,0.5601034904798055
2020,Legal noncitizen,14,56440,34380,0.6091424521615876
2020,Legal noncitizen,15,65434,38063,0.5817006449246569
2020,Legal noncitizen,16,66142,42112,0.6366907562517009
2020,Legal noncitizen,17,69001,42735,0.6193388501615918
2020,Legal noncitizen,18,58338,35384,0.6065343343961055
2020,Legal noncitizen,19,73925,30792,0.41653026716266484
2020,Legal noncitizen,20,87996,39154,0.4449520432746943
2020,Legal noncitizen,21,87174,34391,0.3945098309128869
2020,Legal noncitizen,22,90138,29892,0.33162484190907277
2020,Legal noncitizen,23,101096,27531,0.2723253145525045
2020,Legal noncitizen,24,124001,30476,0.24577221151442327
2020,Legal noncitizen,25,150988,35479,0.23497893872360717
2020,Legal noncitizen,26,179468,40786,0.22726057012949383
2020,Legal noncitizen,27,205738,47132,0.2290874801932555
2020,Legal noncitizen,28,229507,41775,0.18202059196451525
2020,Legal noncitizen,29,242149,52668,0.21750244684058162
2020,Legal noncitizen,30,259826,42941,0.1652682949358417
2020,Legal noncitizen,31,267163,53078,0.19867272039915707
2020,Legal noncitizen,32,282442,60215,0.21319421332521368
2020,Legal noncitizen,33,279351,59292,0.21224910596346533
2020,Legal noncitizen,34,291782,65982,0.22613457992610922
2020,Legal noncitizen,35,299195,60988,0.20384030481792811
2020,Legal noncitizen,36,290129,60821,0.20963433507164056
2020,Legal noncitizen,37,298596,64687,0.21663719540784204
2020,Legal noncitizen,38,279942,58060,0.2074001043073208
2020,Legal noncitizen,39,298065,73168,0.24547665777598845
2020,Legal noncitizen,40,310856,84016,0.27027305247445765
2020,Legal noncitizen,41,250365,61685,0.24638028478421506
2020,Legal noncitizen,42,249285,60043,0.24086086206550736
2020,Legal noncitizen,43,254452,70963,0.2788856051436027
2020,Legal noncitizen,44,238600,58724,0.24611902766135793
2020,Legal noncitizen,45,248204,70433,0.2837706080482184
2020,Legal noncitizen,46,226895,57015,0.25128363339870863
2020,Legal noncitizen,47,222547,55618,0.249915748134102
2020,Legal noncitizen,48,213469,55566,0.26030009041125407
2020,Legal noncitizen,49,199157,50501,0.25357381362442694
2020,Legal noncitizen,50,231047,68976,0.29853666137192864
2020,Legal noncitizen,51,186179,54634,0.29344877778911693
2020,Legal noncitizen,52,170163,52365,0.30773434883023926
2020,Legal noncitizen,53,173601,48714,0.2806089826671505
2020,Legal noncitizen,54,161809,44718,0.27636287227533696
2020,Legal noncitizen,55,164000,50701,0.30915243902439027
2020,Legal noncitizen,56,164693,55186,0.33508406550369474
2020,Legal noncitizen,57,158015,50044,0.31670411036926877
2020,Legal noncitizen,58,151886,48824,0.32145161502705977
2020,Legal noncitizen,59,136690,43076,0.3151364401199795
2020,Legal noncitizen,60,137610,46600,0.3386381803647991
2020,Legal noncitizen,61,126635,43212,0.3412326765902002
2020,Legal noncitizen,62,127258,44263,0.34782096213990477
2020,Legal noncitizen,63,120614,44149,0.366035451937586
2020,Legal noncitizen,64,114875,36895,0.3211751904243743
2020,Legal noncitizen,65,117313,35884,0.3058825535106936
2020,Legal noncitizen,66,100678,33651,0.33424382685393034
2020,Legal noncitizen,67,102737,34619,0.33696720752990644
2020,Legal noncitizen,68,100701,27382,0.2719138836754352
2020,Legal noncitizen,69,82389,28545,0.34646615446236756
2020,Legal noncitizen,70,84702,31338,0.3699794573917971
2020,Legal noncitizen,71,75623,26183,0.346230644116208
2020,Legal noncitizen,72,69723,27419,0.39325617084749653
2020,Legal noncitizen,73,68959,26284,0.3811540190548007
2020,Legal noncitizen,74,57906,22156,0.3826201084516285
2020,Legal noncitizen,75,60903,18727,0.307488957851009
2020,Legal noncitizen,76,51779,18272,0.3528843739740049
2020,Legal noncitizen,77,50689,20018,0.39491802955276295
2020,Legal noncitizen,78,42671,16363,0.38346886644325184
2020,Legal noncitizen,79,40865,17368,0.4250091765569558
2020,Legal noncitizen,80,43267,15242,0.35227771742898745
2020,Legal noncitizen,81,34658,15887,0.4583934445149749
2020,Legal noncitizen,82,31584,11089,0.3510954913880446
2020,Legal noncitizen,83,28903,11874,0.41082240597861813
2020,Legal noncitizen,84,24976,12573,0.503403267136451
2020,Legal noncitizen,85,21228,9538,0.44931222913133595
2020,Legal noncitizen,86,21663,9954,0.4594931449937682
2020,Legal noncitizen,87,17951,7401,0.41228900896885967
2020,Legal noncitizen,88,13224,6869,0.5194343617664852
2020,Legal noncitizen,89,12997,5302,0.4079402939139801
2020,Legal noncitizen,90,10823,6395,0.5908712926175737
2020,Legal noncitizen,91,2776,1214,0.4373198847262248
2020,Legal noncitizen,92,6934,4467,0.6442169022209403
2020,Legal noncitizen,93,3714,2588,0.6968228325255789
2020,Legal noncitizen,94,23984,13744,0.5730486991327551
2020,Legal noncitizen,95,5861,3192,0.5446169595632144
2020,Native-born,0,3507281,1467296,0.418357126218287
2020,Native-born,1,3622408,1479573,0.40845012488930016
2020,Native-born,2,3803832,1533957,0.4032662325780949
2020,Native-born,3,3888752,1580860,0.40652116668792454
2020,Native-born,4,4025395,1627692,0.404355845823826
2020,Native-born,5,3793568,1509450,0.39789717753840187
2020,Native-born,6,3780527,1506927,0.39860236416774697
2020,Native-born,7,3814225,1475029,0.38671787846810296
2020,Native-born,8,3762497,1440587,0.38288057106756496
2020,Native-born,9,3869414,1485169,0.3838227183754439
2020,Native-born,10,3975224,1518724,0.38204740160554473
2020,Native-born,11,4005816,1505685,0.3758747281452768
2020,Native-born,12,4245414,1576027,0.37123046185837233
2020,Native-born,13,4272645,1582310,0.3703350032591053
2020,Native-born,14,4143539,1506859,0.3636647320080733
2020,Native-born,15,3991014,1415828,0.35475395475936694
2020,Native-born,16,3887987,1290749,0.331983877518109
2020,Native-born,17,3918336,1262315,0.322155884538743
2020,Native-born,18,4021063,1057863,0.26308043420359245
2020,Native-born,19,3885204,748498,0.19265346169724937
2020,Native-born,20,4121697,711361,0.1725893485134885
2020,Native-born,21,3944483,648086,0.16430188696465417
2020,Native-born,22,3871860,622206,0.16069950876323008
2020,Native-born,23,3864224,604414,0.15641277524284306
2020,Native-born,24,3797668,592288,0.15596097394506314
2020,Native-born,25,4019735,603999,0.15025841255704667
2020,Native-born,26,3955325,682787,0.172624752706794
2020,Native-born,27,3984383,691311,0.17350515751121315
2020,Native-born,28,4060524,710387,0.174949587787192
2020,Native-born,29,4050517,710445,0.17539612844483804
2020,Native-born,30,4107799,709493,0.172718528827725
2020,Native-born,31,3796204,624006,0.1643763085440087
2020,Native-born,32,3750137,602449,0.16064719768904442
2020,Native-born,33,3681169,601019,0.16326851606106646
2020,Native-born,34,3738170,599257,0.16030758365724404
2020,Native-born,35,3633361,554089,0.1525003983914618
2020,Native-born,36,3418808,518785,0.1517444091624917
2020,Native-born,37,3478217,523638,0.1505478237844275
2020,Native-born,38,3468254,502421,0.14486280416601552
2020,Native-born,39,3504631,513573,0.14654124785177097
2020,Native-born,40,3629684,528638,0.14564298159288797
2020,Native-born,41,3239036,447568,0.13817938423654447
2020,Native-born,42,3186526,443017,0.13902820814893713
2020,Native-born,43,3109348,428458,0.13779673423495858
2020,Native-born,44,3021460,373236,0.12352836046149875
2020,Native-born,45,3011096,374839,0.12448590147906277
2020,Native-born,46,2909945,377081,0.1295835488299607
2020,Native-born,47,2963037,355559,0.1199981640458759
2020,Native-born,48,3160060,390959,0.12371885343949166
2020,Native-born,49,3407385,412941,0.12119000347774025
2020,Native-born,50,3399537,416512,0.12252021378205326
2020,Native-born,51,3193051,406820,0.12740792427054876
2020,Native-born,52,3094915,400195,0.12930726692009312
2020,Native-born,53,3176525,414713,0.13055555992790865
2020,Native-born,54,3264450,439115,0.13451423670143517
2020,Native-born,55,3356050,467510,0.1393036456548621
2020,Native-born,56,3464862,467797,0.13501172629674718
2020,Native-born,57,3544973,516716,0.14576020748253937
2020,Native-born,58,3607289,515134,0.1428036400743051
2020,Native-born,59,3625502,529365,0.14601150406205818
2020,Native-born,60,3762024,555748,0.14772579866582455
2020,Native-born,61,3569046,522179,0.14630772480937482
2020,Native-born,62,3615125,532047,0.14717250440856125
2020,Native-born,63,3606274,538335,0.14927734276430465
2020,Native-born,64,3506283,499309,0.1424040786211495
2020,Native-born,65,3345350,405957,0.12134963456738458
2020,Native-born,66,3102083,382141,0.12318851558775185
2020,Native-born,67,3057039,342369,0.11199366445766638
2020,Native-born,68,2964510,334588,0.11286452061217536
2020,Native-born,69,2905777,330232,0.11364671136153945
2020,Native-born,70,2841490,321837,0.1132634638869044
2020,Native-born,71,2672778,291731,0.10914898281862541
2020,Native-born,72,2657160,276342,0.10399900645802285
2020,Native-born,73,2651668,283597,0.10695041762392576
2020,Native-born,74,2052380,236319,0.11514388173730011
2020,Native-born,75,1969051,224091,0.1138066002353418
2020,Native-born,76,1926044,208092,0.10804114547746572
2020,Native-born,77,1928208,210604,0.10922265647689461
2020,Native-born,78,1630058,188239,0.11547993997759588
2020,Native-born,79,1397203,176576,0.12637819987503607
2020,Native-born,80,1338976,164587,0.12292005233850345
2020,Native-born,81,1173054,153085,0.1305012386471552
2020,Native-born,82,1127880,157560,0.1396957123098202
2020,Native-born,83,1020062,147508,0.14460689644354952
2020,Native-born,84,931524,128639,0.1380952074235339
2020,Native-born,85,826486,125511,0.15186101155978443
2020,Native-born,86,721409,113621,0.15749872818331903
2020,Native-born,87,646112,93847,0.1452488113515923
2020,Native-born,88,572638,97114,0.1695905615764235
2020,Native-born,89,467208,78915,0.16890763856783275
2020,Native-born,90,347528,57898,0.16659952579360512
2020,Native-born,91,149685,28530,0.19060026054714901
2020,Native-born,92,299822,63935,0.21324319095996958
2020,Native-born,93,294420,58740,0.1995109027919299
2020,Native-born,94,831345,164296,0.1976267373954255
2020,Native-born,95,279397,69688,0.2494228642397735
2020,Native-born,96,7156,1263,0.17649524874231415
2020,Naturalized citizen,0,6789,2994,0.4410075121520106
2020,Naturalized citizen,1,11810,5751,0.4869602032176122
2020,Naturalized citizen,2,11330,6989,0.6168578993821713
2020,Naturalized citizen,3,10196,4140,0.4060415849352687
2020,Naturalized citizen,4,13633,7325,0.5372992004694491
2020,Naturalized citizen,5,16829,7385,0.43882583635391287
2020,Naturalized citizen,6,17435,6956,0.3989675939202753
2020,Naturalized citizen,7,25990,10992,0.4229318968834167
2020,Naturalized citizen,8,30862,13664,0.4427451234527898
2020,Naturalized citizen,9,31240,13170,0.42157490396927016
2020,Naturalized citizen,10,39972,13879,0.3472180526368458
2020,Naturalized citizen,11,52032,25694,0.49381150061500617
2020,Naturalized citizen,12,53762,18665,0.34717830437855735
2020,Naturalized citizen,13,56962,19768,0.34703837646150065
2020,Naturalized citizen,14,63303,24553,0.3878647141525678
2020,Naturalized citizen,15,69298,24617,0.3552339172847701
2020,Naturalized citizen,16,76913,26757,0.34788657314108146
2020,Naturalized citizen,17,84752,30780,0.36317727015291673
2020,Naturalized citizen,18,97318,34575,0.35527857128177726
2020,Naturalized citizen,19,100644,26462,0.2629267517189301
2020,Naturalized citizen,20,120241,30548,0.2540564366563818
2020,Naturalized citizen,21,126459,25639,0.20274555389493829
2020,Naturalized citizen,22,137233,25780,0.18785569068664243
2020,Naturalized citizen,23,153304,34723,0.2264976778166258
2020,Naturalized citizen,24,157300,32024,0.20358550540368722
2020,Naturalized citizen,25,179637,32040,0.17835969204562535
2020,Naturalized citizen,26,200898,37751,0.18791127836016286
2020,Naturalized citizen,27,206892,36272,0.1753185236741875
2020,Naturalized citizen,28,220455,44197,0.20048082375087886
2020,Naturalized citizen,29,223471,37926,0.16971329613238406
2020,Naturalized citizen,30,257567,46252,0.17957269370688014
2020,Naturalized citizen,31,257622,40961,0.15899651427284936
2020,Naturalized citizen,32,297794,46674,0.1567325063634593
2020,Naturalized citizen,33,292971,49032,0.16736127466541056
2020,Naturalized citizen,34,328657,58857,0.17908336046394874
2020,Naturalized citizen,35,316558,55766,0.17616360982821475
2020,Naturalized citizen,36,333472,53608,0.16075712503598502
2020,Naturalized citizen,37,342088,54244,0.15856738616964056
2020,Naturalized citizen,38,375889,58061,0.1544631526860323
2020,Naturalized citizen,39,377524,59177,0.1567502993187188
2020,Naturalized citizen,40,431903,66270,0.1534372301187998
2020,Naturalized citizen,41,413970,59982,0.144894557576636
2020,Naturalized citizen,42,428812,53994,0.12591531953396826
2020,Naturalized citizen,43,434653,63542,0.14619017929244707
2020,Naturalized citizen,44,453077,64199,0.14169556168156847
2020,Naturalized citizen,45,493602,73768,0.14944834097106577
2020,Naturalized citizen,46,469025,68628,0.14632055860561805
2020,Naturalized citizen,47,497336,73610,0.1480085897662747
2020,Naturalized citizen,48,503925,67840,0.1346232078186238
2020,Naturalized citizen,49,499026,74794,0.14987996617410715
2020,Naturalized citizen,50,520115,65517,0.12596637282139528
2020,Naturalized citizen,51,479178,67197,0.14023390055469992
2020,Naturalized citizen,52,501850,66306,0.13212314436584638
2020,Naturalized citizen,53,479304,77150,0.16096256238212076
2020,Naturalized citizen,54,475248,73363,0.15436782479884187
2020,Naturalized citizen,55,503060,70338,0.13982029976543553
2020,Naturalized citizen,56,476674,78296,0.16425481566017866
2020,Naturalized citizen,57,502031,75568,0.15052456919990997
2020,Naturalized citizen,58,474668,80319,0.16921090109297446
2020,Naturalized citizen,59,460748,77273,0.16771206820214088
2020,Naturalized citizen,60,467247,82516,0.17660038480717907
2020,Naturalized citizen,61,437342,83765,0.19153202756652687
2020,Naturalized citizen,62,440427,77465,0.17588612868874978
2020,Naturalized citizen,63,418260,76912,0.18388562138382825
2020,Naturalized citizen,64,399140,74875,0.18759082026356666
2020,Naturalized citizen,65,420032,73280,0.17446289806490933
2020,Naturalized citizen,66,369909,69390,0.1875866767231941
2020,Naturalized citizen,67,349609,71780,0.2053150805614272
2020,Naturalized citizen,68,336543,67139,0.19949605251037758
2020,Naturalized citizen,69,342256,78569,0.22956208218409613
2020,Naturalized citizen,70,342021,77197,0.22570836293677873
2020,Naturalized citizen,71,322231,70329,0.21825646818586666
2020,Naturalized citizen,72,305372,70473,0.23077754345519563
2020,Naturalized citizen,73,286250,66200,0.23126637554585153
2020,Naturalized citizen,74,250638,59998,0.23938109943424382
2020,Naturalized citizen,75,244690,55059,0.22501532551391557
2020,Naturalized citizen,76,222483,57165,0.2569409797602513
2020,Naturalized citizen,77,200302,50230,0.2507713352837216
2020,Naturalized citizen,78,188026,51848,0.2757490985289269
2020,Naturalized citizen,79,181663,51952,0.28598008400169544
2020,Naturalized citizen,80,187159,60720,0.32443003008137467
2020,Naturalized citizen,81,154400,53367,0.3456411917098446
2020,Naturalized citizen,82,146216,51248,0.35049515784866225
2020,Naturalized citizen,83,143020,44846,0.31356453642847154
2020,Naturalized citizen,84,127998,49361,0.3856388381068454
2020,Naturalized citizen,85,106405,37746,0.35473896903341007
2020,Naturalized citizen,86,83042,29395,0.3539775053587341
2020,Naturalized citizen,87,86786,34180,0.3938423247989307
2020,Naturalized citizen,88,73671,27518,0.37352553922167475
2020,Naturalized citizen,89,66530,28599,0.42986622576281375
2020,Naturalized citizen,90,50737,22582,0.4450795277608057
2020,Naturalized citizen,91,25485,11415,0.44791053560918187
2020,Naturalized citizen,92,25542,13595,0.5322605904001253
2020,Naturalized citizen,93,16687,6297,0.3773596212620603
2020,Naturalized citizen,94,136406,58421,0.42828761198187765
2020,Naturalized citizen,95,37302,14589,0.3911050345825961
2020,Naturalized citizen,96,1266,135,0.1066350710900474
2020,Undocumented,0,10951.576500000001,1883.9907500000002,0.17202918228256908
2020,Undocumented,1,14181.118225,2985.2903125,0.21051162998113992
2020,Undocumented,2,16349.053241406249,2293.80413328125,0.14030195506806917
2020,Undocumented,3,26864.092520679686,4290.726641425781,0.15971976861391562
2020,Undocumented,4,35641.89092040449,5962.968170542969,0.1673022394872224
2020,Undocumented,5,35501.08467318133,4328.8150743228525,0.12193472718294097
2020,Undocumented,6,47460.486559892925,9136.826777277856,0.19251439333112622
2020,Undocumented,7,48884.14062083963,7456.650780832868,0.15253721730875736
2020,Undocumented,8,49665.091584581445,9233.941089479134,0.1859241731942324
2020,Undocumented,9,53663.92659393089,7119.205124455344,0.13266276950484068
2020,Undocumented,10,55750.977184429634,11406.529564388034,0.20459784097871736
2020,Undocumented,11,57435.564615833406,12662.003818410483,0.2204558082279201
2020,Undocumented,12,55536.133419625614,10026.12815284577,0.1805334209547741
2020,Undocumented,13,57271.139076044165,7108.820965209473,0.12412571287905479
2020,Undocumented,14,52270.90327448156,8505.374099350565,0.16271718234306567
2020,Undocumented,15,67210.92175090036,10169.493935952321,0.15130716364288055
2020,Undocumented,16,77188.28841500981,8395.788616895652,0.10877023949222628
2020,Undocumented,17,87936.69260107278,15154.376209798196,0.1723327971697371
2020,Undocumented,18,112318.90039806835,12916.8251968332,0.1150013501828704
2020,Undocumented,19,147448.60396647532,9567.543282701694,0.06488731005467518
2020,Undocumented,20,148567.347567385,9716.673081093326,0.06540248069439471
2020,Undocumented,21,153171.74687425917,5141.065328470484,0.03356405755880591
2020,Undocumented,22,169511.83630304245,6905.39144374449,0.04073692784142502
2020,Undocumented,23,158931.67677246686,8093.952411936429,0.050927244815544635
2020,Undocumented,24,167875.78632677018,6355.316005059963,0.03785725234185555
2020,Undocumented,25,211684.59179125598,8721.121544498888,0.04119866009472651
2020,Undocumented,26,193022.26052186644,0,0
2020,Undocumented,27,181640.7335096907,0,0
2020,Undocumented,28,189094.5959237072,0,0
2020,Undocumented,29,187182.859233607,0,0
2020,Undocumented,30,218355.68175692478,0,0
2020,Undocumented,31,213218.34241989368,0,0
2020,Undocumented,32,206883.16008313358,0,0
2020,Undocumented,33,209589.09272629095,0,0
2020,Undocumented,34,229366.8890973212,0,0
2020,Undocumented,35,242556.22087485838,0,0
2020,Undocumented,36,230273.4431431474,0,0
2020,Undocumented,37,225943.26956130122,0,0
2020,Undocumented,38,242405.874543523,0,0
2020,Undocumented,39,257232.43822334363,0,0
2020,Undocumented,40,277342.38912391535,0,0
2020,Undocumented,41,234434.81683757712,0,0
2020,Undocumented,42,229131.5059119034,0,0
2020,Undocumented,43,225684.80175954654,0,0
2020,Undocumented,44,221606.73611086636,0,0
2020,Undocumented,45,243180.9756309295,0,0
2020,Undocumented,46,194556.702222721,0,0
2020,Undocumented,47,197593.77521845483,0,0
2020,Undocumented,48,203339.31723403407,0,0
2020,Undocumented,49,181099.49499062664,0,0
2020,Undocumented,50,202328.46380158394,0,0
2020,Undocumented,51,164238.5776385047,0,0
2020,Undocumented,52,137253.40985284845,0,0
2020,Undocumented,53,129233.38014184836,0,0
2020,Undocumented,54,132881.360379003,0,0
2020,Undocumented,55,116828.83052508603,0,0
2020,Undocumented,56,110226.95062515438,0,0
2020,Undocumented,57,98948.29907022334,0,0
2020,Undocumented,58,86506.41113491659,0,0
2020,Undocumented,59,80866.49050193549,0,0
2020,Undocumented,60,84365.98044367193,0,0
2020,Undocumented,61,69463.8431119061,0,0
2020,Undocumented,62,58422.90599879456,0,0
2020,Undocumented,63,55844.5899159414,0,0
2020,Undocumented,64,53499.10615870513,0,0
2020,Undocumented,65,35512.16871959776,0,0
2020,Undocumented,66,25930.034110605997,0,0
2020,Undocumented,67,23302.92687210642,0,0
2020,Undocumented,68,25510.997940883542,0,0
2020,Undocumented,69,18926.98289105179,0,0
2020,Undocumented,70,22003.725741584873,0,0
2020,Undocumented,71,17357.684399636455,0,0
2020,Undocumented,72,14552.434418356634,0,0
2020,Undocumented,73,12964.950587173003,0,0
2020,Undocumented,74,10562.193257007308,0,0
2020,Undocumented,75,15126.599752605578,0,0
2020,Undocumented,76,8891.548243864943,0,0
2020,Undocumented,77,6179.046006197896,0,0
2020,Undocumented,78,8309.09241835518,0,0
2020,Undocumented,79,6157.917271936537,0,0
2020,Undocumented,80,5547.627325897924,0,0
2020,Undocumented,81,4788.9542209950105,0,0
2020,Undocumented,82,4313.306663296372,0,0
2020,Undocumented,83,3495.838134480498,0,0
2020,Undocumented,84,3177.1603253330027,0,0
2020,Undocumented,85,2610.897155364495,0,0
2020,Undocumented,86,3936.800904352701,0,0
2020,Undocumented,87,1570.1504693122108,0,0
2020,Undocumented,88,1649.616188240428,0,0
2020,Undocumented,89,2061.470608187994,0,0
2020,Undocumented,90,2042.1248827797783,0,0
2020,Undocumented,91,229.68925417954603,0,0
2020,Undocumented,92,1024.002882892925,0,0
2020,Undocumented,93,119.112001875,0,0
2020,Undocumented,94,2002.826461998271,0,0
2020,Undocumented,95,57.4839258859797,0,0
2021,Legal noncitizen,0,11565,6698,0.579161262429745
2021,Legal noncitizen,1,12957,7223,0.5574592884155283
2021,Legal noncitizen,2,18630,11189,0.6005904455179818
2021,Legal noncitizen,3,27463,17950,0.6536066707934312
2021,Legal noncitizen,4,30026,16838,0.5607806567641378
2021,Legal noncitizen,5,41109,27921,0.6791943370064949
2021,Legal noncitizen,6,50003,30282,0.6056036637801732
2021,Legal noncitizen,7,58922,36654,0.6220766436984488
2021,Legal noncitizen,8,64591,40658,0.6294685018036569
2021,Legal noncitizen,9,66920,41726,0.6235206216377764
2021,Legal noncitizen,10,67750,40801,0.6022287822878228
2021,Legal noncitizen,11,77959,47766,0.6127066791518618
2021,Legal noncitizen,12,70461,45271,0.6424972679922226
2021,Legal noncitizen,13,72135,41811,0.5796215429403202
2021,Legal noncitizen,14,71950,44834,0.6231271716469771
2021,Legal noncitizen,15,72624,48433,0.6669007490636704
2021,Legal noncitizen,16,67794,44221,0.6522848629672242
2021,Legal noncitizen,17,66545,43774,0.6578105041701104
2021,Legal noncitizen,18,75105,48142,0.6409959390187071
2021,Legal noncitizen,19,78037,41503,0.5318374617168778
2021,Legal noncitizen,20,85513,41924,0.4902646381251973
2021,Legal noncitizen,21,92143,35955,0.39020869735085684
2021,Legal noncitizen,22,92141,34229,0.37148500667455314
2021,Legal noncitizen,23,113395,32080,0.28290488998633095
2021,Legal noncitizen,24,114316,30386,0.26580706112880087
2021,Legal noncitizen,25,149004,42752,0.2869184719873292
2021,Legal noncitizen,26,167186,46453,0.2778522125058318
2021,Legal noncitizen,27,188434,44884,0.2381948056083297
2021,Legal noncitizen,28,219451,57766,0.26322960478648993
2021,Legal noncitizen,29,225677,52968,0.23470712567075955
2021,Legal noncitizen,30,270186,57658,0.2134011384749765
2021,Legal noncitizen,31,268744,57202,0.21284940314946565
2021,Legal noncitizen,32,266467,59936,0.2249284151508442
2021,Legal noncitizen,33,282050,63999,0.22690657684807658
2021,Legal noncitizen,34,290426,73582,0.25335885905531874
2021,Legal noncitizen,35,310751,70396,0.22653507148810462
2021,Legal noncitizen,36,315294,75212,0.23854561139761618
2021,Legal noncitizen,37,298132,74646,0.25037902673983337
2021,Legal noncitizen,38,300332,80592,0.26834303370936163
2021,Legal noncitizen,39,282034,79236,0.2809448506208471
2021,Legal noncitizen,40,286817,74044,0.2581576405861577
2021,Legal noncitizen,41,265630,71392,0.26876482325038586
2021,Legal noncitizen,42,256112,65687,0.25647763478478164
2021,Legal noncitizen,43,255103,65830,0.25805262972211224
2021,Legal noncitizen,44,240397,69396,0.28867248759343916
2021,Legal noncitizen,45,237137,71558,0.30175805547004475
2021,Legal noncitizen,46,225379,65951,0.29262264896019596
2021,Legal noncitizen,47,232772,70911,0.30463715567164434
2021,Legal noncitizen,48,230998,67803,0.2935220218356869
2021,Legal noncitizen,49,213354,64332,0.30152703956804183
2021,Legal noncitizen,50,218692,67761,0.30984672507453404
2021,Legal noncitizen,51,202211,69286,0.3426420916765161
2021,Legal noncitizen,52,194760,60201,0.3091035120147874
2021,Legal noncitizen,53,177578,60218,0.33910732185293224
2021,Legal noncitizen,54,172397,53915,0.31273746062866525
2021,Legal noncitizen,55,169942,62284,0.36650151228066047
2021,Legal noncitizen,56,172486,55654,0.32265807079994896
2021,Legal noncitizen,57,159417,50563,0.3171744544182866
2021,Legal noncitizen,58,166070,53092,0.31969651351839584
2021,Legal noncitizen,59,142402,50661,0.3557604528026292
2021,Legal noncitizen,60,140698,53508,0.38030391334631625
2021,Legal noncitizen,61,141837,56076,0.39535523170963854
2021,Legal noncitizen,62,130391,48978,0.3756240844843586
2021,Legal noncitizen,63,134672,50697,0.3764479624569324
2021,Legal noncitizen,64,123425,48167,0.3902531901964756
2021,Legal noncitizen,65,143217,43779,0.3056829845618886
2021,Legal noncitizen,66,125983,40431,0.32092425168475114
2021,Legal noncitizen,67,126895,42893,0.338019622522558
2021,Legal noncitizen,68,103527,32588,0.3147777874370937
2021,Legal noncitizen,69,101937,34716,0.34056328909032046
2021,Legal noncitizen,70,93280,33575,0.35993782161234994
2021,Legal noncitizen,71,86565,28820,0.3329290128804944
2021,Legal noncitizen,72,79602,30647,0.38500288937463883
2021,Legal noncitizen,73,68801,23344,0.3392973939332277
2021,Legal noncitizen,74,66221,25135,0.3795623744733544
2021,Legal noncitizen,75,57180,23364,0.408604407135362
2021,Legal noncitizen,76,55942,22224,0.39726859962103606
2021,Legal noncitizen,77,50169,21681,0.43215930156072474
2021,Legal noncitizen,78,43809,18479,0.4218083042297245
2021,Legal noncitizen,79,41516,16353,0.39389632912612005
2021,Legal noncitizen,80,40642,18035,0.44375276807243735
2021,Legal noncitizen,81,31216,11542,0.36974628395694514
2021,Legal noncitizen,82,26784,11717,0.4374626642771804
2021,Legal noncitizen,83,29627,12805,0.4322071083808688
2021,Legal noncitizen,84,28436,12144,0.4270642847095231
2021,Legal noncitizen,85,24432,12476,0.510641781270465
2021,Legal noncitizen,86,20770,10849,0.5223399133365431
2021,Legal noncitizen,87,15275,7170,0.46939443535188213
2021,Legal noncitizen,88,13821,5414,0.39172274075681934
2021,Legal noncitizen,89,9082,3691,0.40640828011451224
2021,Legal noncitizen,90,10622,5376,0.5061193748823197
2021,Legal noncitizen,91,2084,1278,0.6132437619961613
2021,Legal noncitizen,92,4606,1915,0.4157620495006513
2021,Legal noncitizen,93,4484,1203,0.2682872435325602
2021,Legal noncitizen,94,16700,8770,0.5251497005988024
2021,Legal noncitizen,95,6715,4027,0.5997021593447506
2021,Legal noncitizen,96,100,0,0
2021,Native-born,0,3380530,1435497,0.4246366693979938
2021,Native-born,1,3598293,1603872,0.44573135094890826
2021,Native-born,2,3688298,1615808,0.4380904146031584
2021,Native-born,3,3808759,1611723,0.42316224260973195
2021,Native-born,4,3848275,1662999,0.43214141401017336
2021,Native-born,5,3811936,1579272,0.4142965674135138
2021,Native-born,6,3886120,1609487,0.41416296974874683
2021,Native-born,7,3900340,1603400,0.4110923663065271
2021,Native-born,8,3854133,1571611,0.40777290249194825
2021,Native-born,9,3906437,1564839,0.400579607453032
2021,Native-born,10,4030789,1572662,0.39016232305883536
2021,Native-born,11,4053226,1588717,0.3919635865357619
2021,Native-born,12,4156614,1619996,0.3897393407230019
2021,Native-born,13,4350617,1650119,0.3792839038692673
2021,Native-born,14,4327957,1625606,0.37560585745191094
2021,Native-born,15,4122608,1526310,0.3702292335337243
2021,Native-born,16,4114020,1414428,0.34380678752169413
2021,Native-born,17,4029704,1330678,0.33021730628353846
2021,Native-born,18,4233883,1185909,0.28009961541214057
2021,Native-born,19,3980552,891501,0.22396416376422165
2021,Native-born,20,4095594,826261,0.20174387402657587
2021,Native-born,21,3967006,727039,0.18327146467638314
2021,Native-born,22,3815747,676264,0.17722977964734035
2021,Native-born,23,3786723,647328,0.17094675264073977
2021,Native-born,24,3774581,628996,0.16663995288483677
2021,Native-born,25,3799561,645951,0.17000674551612674
2021,Native-born,26,3826859,703939,0.1839469392522693
2021,Native-born,27,3857457,722266,0.1872388985800749
2021,Native-born,28,3874487,750326,0.19365815396980296
2021,Native-born,29,3891432,723349,0.18588247205655914
2021,Native-born,30,4109884,765805,0.18633250962800896
2021,Native-born,31,3922238,721293,0.18389832539483836
2021,Native-born,32,3780233,694181,0.18363444792953237
2021,Native-born,33,3721467,663678,0.17833773616694706
2021,Native-born,34,3608416,635420,0.17609388717930527
2021,Native-born,35,3687850,623342,0.1690258551730683
2021,Native-born,36,3589606,583441,0.16253622263836198
2021,Native-born,37,3515952,593209,0.16871931129890283
2021,Native-born,38,3528788,589867,0.16715852581679602
2021,Native-born,39,3500398,568426,0.1623889626265356
2021,Native-born,40,3605216,558115,0.1548076453671569
2021,Native-born,41,3438544,522224,0.15187358370286957
2021,Native-born,42,3251478,501727,0.15430736422021002
2021,Native-born,43,3203782,490525,0.15310810785502885
2021,Native-born,44,3179150,457852,0.1440171114920655
2021,Native-born,45,3018096,416347,0.1379502176206456
2021,Native-born,46,2955526,392810,0.13290696816742603
2021,Native-born,47,2919029,374746,0.12838036209986267
2021,Native-born,48,3022852,402339,0.133099139488139
2021,Native-born,49,3174179,415706,0.13096488887362684
2021,Native-born,50,3536597,465785,0.1317042908762293
2021,Native-born,51,3330353,431816,0.12966072965838757
2021,Native-born,52,3212841,424507,0.13212823168031035
2021,Native-born,53,3201957,427650,0.1335589453574798
2021,Native-born,54,3229740,437558,0.13547777839702266
2021,Native-born,55,3270187,456681,0.13964981207496696
2021,Native-born,56,3387735,467689,0.13805359628188155
2021,Native-born,57,3510654,514030,0.14642001176988675
2021,Native-born,58,3523340,499111,0.1416584831438351
2021,Native-born,59,3578516,529180,0.14787694116779135
2021,Native-born,60,3798372,575506,0.15151385909542298
2021,Native-born,61,3633660,550835,0.15159233390025484
2021,Native-born,62,3629409,545896,0.15040906108956031
2021,Native-born,63,3670111,550784,0.15007284520822395
2021,Native-born,64,3583024,521337,0.14550195588977355
2021,Native-born,65,3350151,442262,0.13201255704593615
2021,Native-born,66,3267904,424474,0.12989182056755647
2021,Native-born,67,3131547,383993,0.12262086438428035
2021,Native-born,68,3014692,366364,0.12152617912542973
2021,Native-born,69,2921136,335008,0.11468415027578312
2021,Native-born,70,2897531,337634,0.11652472398051997
2021,Native-born,71,2691668,297914,0.11068006901296891
2021,Native-born,72,2615514,304973,0.11660155518188776
2021,Native-born,73,2597138,292156,0.1124915195110926
2021,Native-born,74,2590111,298429,0.11521861418294428
2021,Native-born,75,1891462,223926,0.11838778680195532
2021,Native-born,76,1728149,210234,0.12165270471469763
2021,Native-born,77,1703687,218536,0.12827238806189165
2021,Native-born,78,1711027,208662,0.12195131929537056
2021,Native-born,79,1466005,187617,0.127978417536093
2021,Native-born,80,1311534,181366,0.13828539709988455
2021,Native-born,81,1121361,159371,0.14212283109542778
2021,Native-born,82,1069371,151615,0.14177960689040567
2021,Native-born,83,978959,139122,0.1421121824305206
2021,Native-born,84,864937,126516,0.14627192500725486
2021,Native-born,85,763905,114252,0.1495631001237065
2021,Native-born,86,714281,117301,0.16422248386839353
2021,Native-born,87,597130,92833,0.15546530906167835
2021,Native-born,88,556255,92898,0.16700613927065824
2021,Native-born,89,437005,76279,0.17454949028043157
2021,Native-born,90,288809,49030,0.16976617764681848
2021,Native-born,91,106180,19112,0.1799962328122057
2021,Native-born,92,241193,48059,0.19925536810769798
2021,Native-born,93,390026,75876,0.19454087676206203
2021,Native-born,94,722082,131763,0.18247650543844052
2021,Native-born,95,259333,67191,0.25909159266271553
2021,Native-born,96,4837,2726,0.563572462270002
2021,Naturalized citizen,0,6572,2854,0.4342665855143031
2021,Naturalized citizen,1,7064,3141,0.44464892412231033
2021,Naturalized citizen,2,9831,4090,0.41603092259180147
2021,Naturalized citizen,3,12764,6157,0.4823722970855531
2021,Naturalized citizen,4,14690,8245,0.5612661674608578
2021,Naturalized citizen,5,16109,7956,0.4938854056738469
2021,Naturalized citizen,6,19524,9311,0.476900225363655
2021,Naturalized citizen,7,25953,10907,0.42025970022733405
2021,Naturalized citizen,8,25831,10080,0.3902287948588905
2021,Naturalized citizen,9,32791,15096,0.4603702235369461
2021,Naturalized citizen,10,35780,16683,0.4662660704304081
2021,Naturalized citizen,11,51560,24683,0.4787238169123351
2021,Naturalized citizen,12,47001,17887,0.3805663709282781
2021,Naturalized citizen,13,60593,27835,0.4593764956348093
2021,Naturalized citizen,14,73961,28381,0.3837292627195414
2021,Naturalized citizen,15,73164,28803,0.393677218304084
2021,Naturalized citizen,16,89768,35438,0.3947731931200428
2021,Naturalized citizen,17,90395,33803,0.3739476740970186
2021,Naturalized citizen,18,96811,34824,0.3597111898441293
2021,Naturalized citizen,19,98879,28219,0.28538921307861126
2021,Naturalized citizen,20,110144,26726,0.2426459907030796
2021,Naturalized citizen,21,135635,29817,0.21983263906808714
2021,Naturalized citizen,22,137292,33404,0.24330623779972613
2021,Naturalized citizen,23,143385,29011,0.2023293928932594
2021,Naturalized citizen,24,145589,31362,0.2154146261049942
2021,Naturalized citizen,25,172801,34567,0.20003935162412254
2021,Naturalized citizen,26,177036,34228,0.19333920784473216
2021,Naturalized citizen,27,194051,41185,0.21223801990198454
2021,Naturalized citizen,28,199073,36041,0.18104413958698568
2021,Naturalized citizen,29,227252,45221,0.19899054793797194
2021,Naturalized citizen,30,257823,51895,0.20128149932317907
2021,Naturalized citizen,31,259442,44003,0.16960630892453804
2021,Naturalized citizen,32,287203,52557,0.18299599934541075
2021,Naturalized citizen,33,302382,62357,0.20621928553948318
2021,Naturalized citizen,34,321120,64902,0.20211136023916293
2021,Naturalized citizen,35,362261,57954,0.15997857898034842
2021,Naturalized citizen,36,357934,69166,0.19323674196918986
2021,Naturalized citizen,37,384092,69965,0.1821568790810535
2021,Naturalized citizen,38,373303,66741,0.17878506200057326
2021,Naturalized citizen,39,407059,73086,0.17954645395384944
2021,Naturalized citizen,40,436383,74232,0.1701074514818405
2021,Naturalized citizen,41,440830,67552,0.15323820974071636
2021,Naturalized citizen,42,436820,70558,0.16152648688246876
2021,Naturalized citizen,43,450305,77992,0.17319816568770055
2021,Naturalized citizen,44,461773,68866,0.14913388179906578
2021,Naturalized citizen,45,497907,76490,0.15362306615492452
2021,Naturalized citizen,46,474699,71981,0.15163503609655804
2021,Naturalized citizen,47,489171,77675,0.15878905331673382
2021,Naturalized citizen,48,524669,75332,0.14358004761096996
2021,Naturalized citizen,49,499834,78381,0.1568140622686732
2021,Naturalized citizen,50,543136,81724,0.15046691804630885
2021,Naturalized citizen,51,518204,70821,0.13666625498838295
2021,Naturalized citizen,52,513498,73095,0.14234719512052627
2021,Naturalized citizen,53,505853,80315,0.15877142173714498
2021,Naturalized citizen,54,509235,79120,0.15537031036751206
2021,Naturalized citizen,55,518941,82493,0.15896412116213596
2021,Naturalized citizen,56,514622,80430,0.15628947071831364
2021,Naturalized citizen,57,517327,84563,0.16346140835487033
2021,Naturalized citizen,58,515006,81624,0.1584913573822441
2021,Naturalized citizen,59,481988,81684,0.1694730989153257
2021,Naturalized citizen,60,496371,90622,0.1825690864293039
2021,Naturalized citizen,61,485776,86057,0.17715366753400744
2021,Naturalized citizen,62,463657,90999,0.19626361728605413
2021,Naturalized citizen,63,442381,88057,0.1990524005325726
2021,Naturalized citizen,64,434102,88388,0.2036111328673906
2021,Naturalized citizen,65,434859,79692,0.18325940132318752
2021,Naturalized citizen,66,423063,77745,0.18376695669439302
2021,Naturalized citizen,67,390935,77509,0.1982656963433819
2021,Naturalized citizen,68,363724,81418,0.22384555322167357
2021,Naturalized citizen,69,347486,76015,0.21875701467109465
2021,Naturalized citizen,70,338276,79154,0.233992361267131
2021,Naturalized citizen,71,343648,77300,0.22493947294906416
2021,Naturalized citizen,72,316946,74572,0.23528298195907188
2021,Naturalized citizen,73,306810,75783,0.2470030311919429
2021,Naturalized citizen,74,288801,70972,0.24574707151291028
2021,Naturalized citizen,75,271218,70896,0.26139857974028274
2021,Naturalized citizen,76,225331,57686,0.2560056095255424
2021,Naturalized citizen,77,211979,55001,0.25946438090565577
2021,Naturalized citizen,78,202238,55497,0.27441430393892347
2021,Naturalized citizen,79,184645,51804,0.28055999350104255
2021,Naturalized citizen,80,179079,56574,0.3159164391134639
2021,Naturalized citizen,81,156921,48927,0.31179383256543103
2021,Naturalized citizen,82,149213,48356,0.3240736396962731
2021,Naturalized citizen,83,136755,45237,0.3307886366129209
2021,Naturalized citizen,84,123687,41755,0.33758600337949823
2021,Naturalized citizen,85,114731,40376,0.351918836234322
2021,Naturalized citizen,86,93324,30961,0.33175817581758177
2021,Naturalized citizen,87,89114,32197,0.3613012545727944
2021,Naturalized citizen,88,81170,31098,0.38312184304546015
2021,Naturalized citizen,89,56337,22791,0.40454763299430213
2021,Naturalized citizen,90,44937,19760,0.4397267285310546
2021,Naturalized citizen,91,23469,8639,0.3681026034343176
2021,Naturalized citizen,92,23681,8616,0.36383598665596895
2021,Naturalized citizen,93,25050,7205,0.287624750499002
2021,Naturalized citizen,94,111616,46849,0.4197337299311927
2021,Naturalized citizen,95,44265,19457,0.4395572122444369
2021,Naturalized citizen,96,839,448,0.533969010727056
2021,Undocumented,0,15061.75725,2678.1,0.1778079380478662
2021,Undocumented,1,14826.84541875,3010.967,0.20307536195071793
2021,Undocumented,2,23791.75839515625,2462.8139125000002,0.10351542208840701
2021,Undocumented,3,28870.031305125,3658.6081165625,0.12672684964886147
2021,Undocumented,4,37644.844085174715,5807.41021584131,0.1542684093126151
2021,Undocumented,5,45402.10851001218,7851.15361613559,0.17292486789251726
2021,Undocumented,6,47201.13416928828,8857.714887882858,0.18765894175581457
2021,Undocumented,7,56707.71931834765,6844.518792489231,0.1206981849166821
2021,Undocumented,8,60681.48774568157,9658.662435193623,0.15916983571123777
2021,Undocumented,9,63970.622745864275,9485.538338826504,0.1482795997861338
2021,Undocumented,10,63116.769789400605,11652.267145120206,0.18461444056785375
2021,Undocumented,11,71261.23597919446,10442.53685683857,0.1465388119269695
2021,Undocumented,12,66935.65306267956,10087.413493462947,0.15070314596044862
2021,Undocumented,13,66300.26960380914,11459.670059316453,0.17284499939134582
2021,Undocumented,14,66039.67761944926,9019.079517164952,0.13657061697267817
2021,Undocumented,15,70359.1308650949,11714.893316331018,0.1665013932419504
2021,Undocumented,16,80946.46285212782,10130.941081778197,0.12515606889809747
2021,Undocumented,17,90633.73654567855,14491.72599823148,0.15989328643565068
2021,Undocumented,18,123365.4045790239,13957.653575442399,0.11314074333134112
2021,Undocumented,19,138032.90723073104,6281.158992588836,0.045504793882877995
2021,Undocumented,20,147680.7452966185,7455.86291292563,0.05048635756780914
2021,Undocumented,21,169513.2375464655,6109.846199206044,0.03604347535118763
2021,Undocumented,22,171143.76414147942,8144.594775822433,0.04758919973905412
2021,Undocumented,23,181145.44343381852,8154.742605825286,0.04501765239711713
2021,Undocumented,24,187194.99079937098,8241.988775005864,0.044028895964632615
2021,Undocumented,25,195372.3154431422,10295.303836126863,0.0526958172798184
2021,Undocumented,26,195250.41851403765,0,0
2021,Undocumented,27,188095.41852394113,0,0
2021,Undocumented,28,187538.4931960333,0,0
2021,Undocumented,29,185293.82014804697,0,0
2021,Undocumented,30,223796.11435732426,0,0
2021,Undocumented,31,220781.5237711051,0,0
2021,Undocumented,32,230005.75522106164,0,0
2021,Undocumented,33,214185.61182106656,0,0
2021,Undocumented,34,226974.13339946477,0,0
2021,Undocumented,35,270384.4611891209,0,0
2021,Undocumented,36,256305.38296740383,0,0
2021,Undocumented,37,252303.75730922268,0,0
2021,Undocumented,38,273276.58854649146,0,0
2021,Undocumented,39,253683.40998338917,0,0
2021,Undocumented,40,294003.3576796681,0,0
2021,Undocumented,41,255188.71497642118,0,0
2021,Undocumented,42,252351.6556124197,0,0
2021,Undocumented,43,246618.763500091,0,0
2021,Undocumented,44,243690.92521282414,0,0
2021,Undocumented,45,245199.54002142002,0,0
2021,Undocumented,46,227060.6150508041,0,0
2021,Undocumented,47,212887.08518991194,0,0
2021,Undocumented,48,222642.84346089707,0,0
2021,Undocumented,49,196102.74229298838,0,0
2021,Undocumented,50,201843.70633910366,0,0
2021,Undocumented,51,177587.5994934537,0,0
2021,Undocumented,52,159593.48899862968,0,0
2021,Undocumented,53,144818.4862283365,0,0
2021,Undocumented,54,141892.72763448238,0,0
2021,Undocumented,55,131059.75681413962,0,0
2021,Undocumented,56,119369.73810289998,0,0
2021,Undocumented,57,103441.93111322823,0,0
2021,Undocumented,58,100880.5641921189,0,0
2021,Undocumented,59,84386.23361291426,0,0
2021,Undocumented,60,95621.36323506765,0,0
2021,Undocumented,61,77651.39144376299,0,0
2021,Undocumented,62,75802.20902625896,0,0
2021,Undocumented,63,59714.640078350974,0,0
2021,Undocumented,64,49411.94307276664,0,0
2021,Undocumented,65,32529.519764060336,0,0
2021,Undocumented,66,30544.304758398706,0,0
2021,Undocumented,67,26944.32437141961,0,0
2021,Undocumented,68,22299.73257288619,0,0
2021,Undocumented,69,18495.889219790923,0,0
2021,Undocumented,70,17875.42237146669,0,0
2021,Undocumented,71,17399.326713313003,0,0
2021,Undocumented,72,13359.795033702752,0,0
2021,Undocumented,73,12883.740344325151,0,0
2021,Undocumented,74,8726.696486845407,0,0
2021,Undocumented,75,12831.317659266077,0,0
2021,Undocumented,76,9044.606148212924,0,0
2021,Undocumented,77,8850.333241338038,0,0
2021,Undocumented,78,10412.610578847618,0,0
2021,Undocumented,79,7019.753840233723,0,0
2021,Undocumented,80,6230.310832005235,0,0
2021,Undocumented,81,5558.189958863874,0,0
2021,Undocumented,82,5289.426711999309,0,0
2021,Undocumented,83,4161.7362364429355,0,0
2021,Undocumented,84,4132.80580000098,0,0
2021,Undocumented,85,2494.6771921483996,0,0
2021,Undocumented,86,2462.622686537308,0,0
2021,Undocumented,87,1880.752641433004,0,0
2021,Undocumented,88,1425.4616985239263,0,0
2021,Undocumented,89,835.9024704402709,0,0
2021,Undocumented,90,789.236335178261,0,0
2021,Undocumented,91,323.3660229894183,0,0
2021,Undocumented,92,1510.5340684920066,0,0
2021,Undocumented,93,321.2877989977402,0,0
2021,Undocumented,94,2304.4140555124422,0,0
2021,Undocumented,95,306.14116276773603,0,0
2022,Legal noncitizen,0,12520,8749,0.6988019169329074
2022,Legal noncitizen,1,13592,7164,0.5270747498528546
2022,Legal noncitizen,2,20844,10427,0.5002398771828823
2022,Legal noncitizen,3,27418,15470,0.5642278794952221
2022,Legal noncitizen,4,39075,24969,0.6390019193857965
2022,Legal noncitizen,5,39522,23175,0.5863822681038409
2022,Legal noncitizen,6,49143,32057,0.6523207781372728
2022,Legal noncitizen,7,58805,38936,0.6621205679789134
2022,Legal noncitizen,8,65715,36079,0.5490222932359431
2022,Legal noncitizen,9,62905,40670,0.6465304824735713
2022,Legal noncitizen,10,73141,47631,0.6512216130487688
2022,Legal noncitizen,11,68853,42434,0.616298490988047
2022,Legal noncitizen,12,72272,45393,0.6280855656409121
2022,Legal noncitizen,13,69929,44836,0.6411646098185302
2022,Legal noncitizen,14,68144,42919,0.6298280112702512
2022,Legal noncitizen,15,62610,42786,0.6833732630570196
2022,Legal noncitizen,16,69233,42804,0.6182600782863663
2022,Legal noncitizen,17,72541,43564,0.6005431411201941
2022,Legal noncitizen,18,68142,39981,0.5867306507000088
2022,Legal noncitizen,19,73647,35688,0.4845818566947737
2022,Legal noncitizen,20,85159,40267,0.4728449136321469
2022,Legal noncitizen,21,93343,43386,0.4648018598073771
2022,Legal noncitizen,22,111417,43523,0.3906315912293456
2022,Legal noncitizen,23,122913,41102,0.33439912783838976
2022,Legal noncitizen,24,127355,38162,0.29965058301597897
2022,Legal noncitizen,25,152314,39422,0.25882059429862
2022,Legal noncitizen,26,168197,46712,0.27772195699090946
2022,Legal noncitizen,27,197402,53948,0.27329003758827164
2022,Legal noncitizen,28,201864,52934,0.2622260531843221
2022,Legal noncitizen,29,233756,52633,0.22516213487568235
2022,Legal noncitizen,30,257583,62927,0.24429795444575148
2022,Legal noncitizen,31,246840,58638,0.2375546912980068
2022,Legal noncitizen,32,286668,69744,0.24329189166562015
2022,Legal noncitizen,33,276806,64095,0.2315520617327659
2022,Legal noncitizen,34,279042,64109,0.22974677647092553
2022,Legal noncitizen,35,297534,74053,0.24888920257852884
2022,Legal noncitizen,36,297411,68220,0.22937954547747058
2022,Legal noncitizen,37,306481,72176,0.2354991010862011
2022,Legal noncitizen,38,287628,77402,0.2691045378057769
2022,Legal noncitizen,39,282041,76139,0.26995720480355695
2022,Legal noncitizen,40,275653,75607,0.2742832474161355
2022,Legal noncitizen,41,265232,78827,0.2972001870060928
2022,Legal noncitizen,42,281520,78883,0.2802038931514635
2022,Legal noncitizen,43,242215,68519,0.2828850401502797
2022,Legal noncitizen,44,237961,75167,0.3158794928580734
2022,Legal noncitizen,45,253305,75715,0.2989084305481534
2022,Legal noncitizen,46,214943,65988,0.3070023215457121
2022,Legal noncitizen,47,232382,70902,0.305109690079266
2022,Legal noncitizen,48,222228,74989,0.3374417265151106
2022,Legal noncitizen,49,228574,65094,0.28478304619073036
2022,Legal noncitizen,50,206668,58285,0.28202237404919966
2022,Legal noncitizen,51,182932,50503,0.27607526293923423
2022,Legal noncitizen,52,172615,46724,0.2706833125742259
2022,Legal noncitizen,53,165471,44804,0.27076647871832527
2022,Legal noncitizen,54,157216,39158,0.2490713413393039
2022,Legal noncitizen,55,155626,45242,0.29070977857170394
2022,Legal noncitizen,56,154997,47045,0.3035220036516836
2022,Legal noncitizen,57,146371,42156,0.2880078704114886
2022,Legal noncitizen,58,141702,42246,0.29813270102045136
2022,Legal noncitizen,59,135261,42673,0.3154863560080141
2022,Legal noncitizen,60,140208,43120,0.3075430788542737
2022,Legal noncitizen,61,122537,39114,0.31920154728775796
2022,Legal noncitizen,62,130883,40456,0.30910049433463477
2022,Legal noncitizen,63,118508,36926,0.311590778681608
2022,Legal noncitizen,64,114161,38113,0.33385306715953783
2022,Legal noncitizen,65,130714,40621,0.31076242789601727
2022,Legal noncitizen,66,112571,37208,0.33052917714153734
2022,Legal noncitizen,67,113317,36830,0.32501742898241215
2022,Legal noncitizen,68,112050,36472,0.3254975457385096
2022,Legal noncitizen,69,100835,37638,0.3732632518470769
2022,Legal noncitizen,70,99496,36070,0.36252713676931736
2022,Legal noncitizen,71,79872,27071,0.3389297876602564
2022,Legal noncitizen,72,85914,31235,0.3635612356542589
2022,Legal noncitizen,73,70288,27529,0.3916600273161848
2022,Legal noncitizen,74,71128,27543,0.38723147002586883
2022,Legal noncitizen,75,63541,25076,0.3946428290395178
2022,Legal noncitizen,76,56034,24946,0.44519398936360066
2022,Legal noncitizen,77,48456,21225,0.4380262506191184
2022,Legal noncitizen,78,44662,17847,0.399601450897855
2022,Legal noncitizen,79,39018,14404,0.3691629504331334
2022,Legal noncitizen,80,38237,15263,0.3991683447969244
2022,Legal noncitizen,81,36310,17032,0.46907188102451114
2022,Legal noncitizen,82,30521,12307,0.4032305625634809
2022,Legal noncitizen,83,27886,12052,0.4321881947930861
2022,Legal noncitizen,84,28721,12231,0.4258556456947878
2022,Legal noncitizen,85,22630,10285,0.4544851966416262
2022,Legal noncitizen,86,22030,9746,0.4423967317294598
2022,Legal noncitizen,87,14783,7033,0.4757491713454644
2022,Legal noncitizen,88,14504,6101,0.42064258135686705
2022,Legal noncitizen,89,12398,5904,0.4762058396515567
2022,Legal noncitizen,90,8180,4080,0.49877750611246946
2022,Legal noncitizen,91,3096,1869,0.6036821705426356
2022,Legal noncitizen,92,7879,3568,0.45284934636375174
2022,Legal noncitizen,93,3396,1432,0.4216725559481743
2022,Legal noncitizen,94,14919,7024,0.4708090354581406
2022,Legal noncitizen,95,13588,6639,0.48859287606711804
2022,Legal noncitizen,96,360,73,0.20277777777777778
2022,Legal noncitizen,97,266,28,0.10526315789473684
2022,Native-born,0,3406644,1416875,0.41591519395628074
2022,Native-born,1,3481047,1488031,0.4274665064849742
2022,Native-born,2,3611076,1566259,0.43373747880133234
2022,Native-born,3,3712264,1607565,0.4330416694502331
2022,Native-born,4,3795254,1617881,0.42629057238329765
2022,Native-born,5,3674748,1541471,0.4194766552699668
2022,Native-born,6,3809402,1571403,0.4125064773946147
2022,Native-born,7,3885251,1594353,0.4103603602444218
2022,Native-born,8,3869813,1565946,0.40465676248438875
2022,Native-born,9,3857607,1535700,0.39809654016077844
2022,Native-born,10,3919859,1532232,0.39088957026260385
2022,Native-born,11,3904274,1528601,0.3915199086949328
2022,Native-born,12,4013320,1539045,0.3834842474559716
2022,Native-born,13,4192822,1617251,0.3857189739988962
2022,Native-born,14,4268691,1617682,0.37896441789766466
2022,Native-born,15,4156251,1562675,0.3759818644254161
2022,Native-born,16,4049231,1408465,0.34783518154434756
2022,Native-born,17,4030608,1353542,0.3358158372136412
2022,Native-born,18,4212317,1182352,0.28068922638063565
2022,Native-born,19,3953284,926227,0.23429305863176034
2022,Native-born,20,4139945,926680,0.2238387224951056
2022,Native-born,21,4131130,819044,0.19826149261824247
2022,Native-born,22,4081283,731031,0.17911793913825627
2022,Native-born,23,3997002,705340,0.17646726221302866
2022,Native-born,24,3978065,699338,0.17579853521749897
2022,Native-born,25,3804481,644964,0.169527459855891
2022,Native-born,26,3747380,681845,0.18195245745027191
2022,Native-born,27,3821014,738258,0.19320996991897962
2022,Native-born,28,3868917,736474,0.19035662951673557
2022,Native-born,29,3871766,730751,0.1887384206586865
2022,Native-born,30,4024622,750579,0.18649676913757365
2022,Native-born,31,3895331,717305,0.18414481336759314
2022,Native-born,32,3926035,707247,0.18014281584346548
2022,Native-born,33,3825846,678271,0.17728654002278188
2022,Native-born,34,3672355,640729,0.17447360072759852
2022,Native-born,35,3666730,610252,0.16642948894519094
2022,Native-born,36,3611934,591013,0.1636278514502203
2022,Native-born,37,3558503,578156,0.16247169104536374
2022,Native-born,38,3485528,563471,0.1616601559362025
2022,Native-born,39,3479644,555140,0.15953930919369913
2022,Native-born,40,3641317,577581,0.15861870856066637
2022,Native-born,41,3472357,539087,0.15525102977602823
2022,Native-born,42,3458053,529766,0.15319776764555085
2022,Native-born,43,3276483,498410,0.15211737707779957
2022,Native-born,44,3171689,464947,0.14659287212586103
2022,Native-born,45,3097506,428822,0.1384410554814099
2022,Native-born,46,2958846,405826,0.13715685101556485
2022,Native-born,47,2978605,398329,0.13373005148383219
2022,Native-born,48,2939290,373426,0.1270463275144678
2022,Native-born,49,2972010,385607,0.12974619870054274
2022,Native-born,50,3242411,428564,0.13217448374064855
2022,Native-born,51,3371528,426871,0.12661054572288885
2022,Native-born,52,3387206,448052,0.13227775340501877
2022,Native-born,53,3230812,413945,0.12812413721380259
2022,Native-born,54,3164924,432313,0.13659506515796271
2022,Native-born,55,3089869,428656,0.1387295060081835
2022,Native-born,56,3144335,453116,0.1441055103861389
2022,Native-born,57,3361515,500870,0.14900126877315734
2022,Native-born,58,3469519,522117,0.1504868542296497
2022,Native-born,59,3519130,518999,0.14747934858899786
2022,Native-born,60,3671011,557651,0.15190665459733027
2022,Native-born,61,3655978,564253,0.15433708846169206
2022,Native-born,62,3650166,564878,0.15475405776066076
2022,Native-born,63,3580918,573037,0.1600251667309891
2022,Native-born,64,3640163,550830,0.1513201469274865
2022,Native-born,65,3399834,479458,0.14102394411021243
2022,Native-born,66,3235886,444525,0.1373735045054121
2022,Native-born,67,3171764,414451,0.13066892744857436
2022,Native-born,68,3079616,389782,0.1265683773561379
2022,Native-born,69,2974524,359585,0.12088824968297449
2022,Native-born,70,2883615,357147,0.12385391253686778
2022,Native-born,71,2746080,330524,0.12036211618015498
2022,Native-born,72,2601749,309643,0.1190134021383308
2022,Native-born,73,2521047,292379,0.11597522775259644
2022,Native-born,74,2495830,298998,0.1197990247733219
2022,Native-born,75,2548098,301530,0.11833532305272403
2022,Native-born,76,1884781,230736,0.12242058891722699
2022,Native-born,77,1727039,212042,0.12277777166583963
2022,Native-born,78,1690932,211067,0.12482287874379336
2022,Native-born,79,1656295,213358,0.1288164246103502
2022,Native-born,80,1432882,186735,0.13032126860411394
2022,Native-born,81,1264213,170700,0.1350247149807825
2022,Native-born,82,1108059,155058,0.13993659182408158
2022,Native-born,83,1028793,142994,0.13899200325041092
2022,Native-born,84,914661,137364,0.1501802307084264
2022,Native-born,85,808641,126191,0.15605318058322543
2022,Native-born,86,720037,123651,0.17172867505419862
2022,Native-born,87,657372,110850,0.1686259834614191
2022,Native-born,88,546018,99169,0.18162221758257055
2022,Native-born,89,435882,74049,0.16988313350861012
2022,Native-born,90,309123,47662,0.1541845802479919
2022,Native-born,91,136432,25822,0.18926644775419257
2022,Native-born,92,283250,54085,0.19094439541041483
2022,Native-born,93,309411,65123,0.21047409432760955
2022,Native-born,94,599318,111161,0.1854791613133595
2022,Native-born,95,442753,95003,0.21457336257461834
2022,Native-born,96,15661,5444,0.3476150948215312
2022,Native-born,97,5253,989,0.18827336759946697
2022,Naturalized citizen,0,7676,4562,0.5943199583116207
2022,Naturalized citizen,1,6147,2242,0.36473076297380835
2022,Naturalized citizen,2,9668,4374,0.45242035581299134
2022,Naturalized citizen,3,11640,6016,0.5168384879725086
2022,Naturalized citizen,4,11365,4906,0.4316761988561373
2022,Naturalized citizen,5,16722,6347,0.37955986126061475
2022,Naturalized citizen,6,16401,7084,0.431924882629108
2022,Naturalized citizen,7,28519,13001,0.45587152424699323
2022,Naturalized citizen,8,31643,14392,0.45482413171949565
2022,Naturalized citizen,9,33586,13596,0.4048115286131126
2022,Naturalized citizen,10,37565,16944,0.45105816584586717
2022,Naturalized citizen,11,44607,19372,0.43428161499316253
2022,Naturalized citizen,12,54573,22499,0.4122734685650413
2022,Naturalized citizen,13,53728,24175,0.4499516081000596
2022,Naturalized citizen,14,69189,29772,0.4302996141005073
2022,Naturalized citizen,15,77168,33160,0.42971179763632594
2022,Naturalized citizen,16,86459,34094,0.3943372002914676
2022,Naturalized citizen,17,86694,31992,0.36902207765243267
2022,Naturalized citizen,18,97494,33713,0.34579563870597163
2022,Naturalized citizen,19,101926,32854,0.3223318878401978
2022,Naturalized citizen,20,119079,37974,0.3188975386088227
2022,Naturalized citizen,21,126093,30821,0.24443069797689007
2022,Naturalized citizen,22,134221,33367,0.2485974623941112
2022,Naturalized citizen,23,150270,32511,0.21635056897584348
2022,Naturalized citizen,24,157266,29203,0.18569175791334427
2022,Naturalized citizen,25,170411,30523,0.17911402432941537
2022,Naturalized citizen,26,188280,36046,0.19144890588485236
2022,Naturalized citizen,27,189823,37473,0.1974102189934834
2022,Naturalized citizen,28,202822,37330,0.18405301200067054
2022,Naturalized citizen,29,223489,40189,0.17982540527721722
2022,Naturalized citizen,30,255805,48069,0.18791266785246574
2022,Naturalized citizen,31,255969,51478,0.20111029069926437
2022,Naturalized citizen,32,280341,50436,0.17990946739863237
2022,Naturalized citizen,33,297882,55610,0.1866846603688709
2022,Naturalized citizen,34,325388,59208,0.18196122782647178
2022,Naturalized citizen,35,356056,65416,0.1837239085986474
2022,Naturalized citizen,36,363567,63285,0.1740669532713365
2022,Naturalized citizen,37,390526,72844,0.1865279136344315
2022,Naturalized citizen,38,406941,71091,0.17469608616482488
2022,Naturalized citizen,39,417884,66016,0.1579768548209551
2022,Naturalized citizen,40,448168,78821,0.1758737794755538
2022,Naturalized citizen,41,429752,71946,0.1674128334481282
2022,Naturalized citizen,42,457149,81295,0.17783042290369222
2022,Naturalized citizen,43,452102,78434,0.1734873988613189
2022,Naturalized citizen,44,467743,78773,0.1684108580994264
2022,Naturalized citizen,45,474710,74863,0.15770259737523962
2022,Naturalized citizen,46,469443,68965,0.1469081443327518
2022,Naturalized citizen,47,489347,74399,0.15203730685995828
2022,Naturalized citizen,48,508525,70543,0.13872081018632318
2022,Naturalized citizen,49,503247,77228,0.15345943443279345
2022,Naturalized citizen,50,549752,76384,0.13894265050422736
2022,Naturalized citizen,51,518001,79201,0.15289738822898025
2022,Naturalized citizen,52,508318,76847,0.15117898638254007
2022,Naturalized citizen,53,515916,71686,0.13894897618992239
2022,Naturalized citizen,54,524610,76917,0.14661748727626236
2022,Naturalized citizen,55,506633,87716,0.17313518858818908
2022,Naturalized citizen,56,523610,74053,0.14142778021810126
2022,Naturalized citizen,57,511067,83653,0.16368303960146124
2022,Naturalized citizen,58,523687,91696,0.17509695676997902
2022,Naturalized citizen,59,513388,89933,0.17517550079082486
2022,Naturalized citizen,60,484851,88635,0.1828087391796655
2022,Naturalized citizen,61,481740,86939,0.18046871756549177
2022,Naturalized citizen,62,494062,92515,0.18725382644283511
2022,Naturalized citizen,63,462253,90595,0.19598574806437166
2022,Naturalized citizen,64,446259,94004,0.21064897290586856
2022,Naturalized citizen,65,438288,81062,0.1849514474500785
2022,Naturalized citizen,66,408120,78270,0.19178182887386064
2022,Naturalized citizen,67,403156,81226,0.2014753594142218
2022,Naturalized citizen,68,389016,77875,0.20018456824397968
2022,Naturalized citizen,69,360546,70242,0.1948211878650713
2022,Naturalized citizen,70,351180,80223,0.22843840765419443
2022,Naturalized citizen,71,325635,72238,0.22183733321049642
2022,Naturalized citizen,72,320678,75671,0.23597190951671146
2022,Naturalized citizen,73,303381,74271,0.2448109802525537
2022,Naturalized citizen,74,302436,74812,0.24736473171183324
2022,Naturalized citizen,75,290483,68071,0.2343372934044333
2022,Naturalized citizen,76,253888,65566,0.2582477312830855
2022,Naturalized citizen,77,218432,57754,0.26440265162613535
2022,Naturalized citizen,78,212292,57927,0.2728647334803007
2022,Naturalized citizen,79,197000,58336,0.2961218274111675
2022,Naturalized citizen,80,191206,53935,0.2820779682645942
2022,Naturalized citizen,81,171426,55726,0.32507320943147483
2022,Naturalized citizen,82,157517,46736,0.29670448269075717
2022,Naturalized citizen,83,152891,51998,0.3400985015468536
2022,Naturalized citizen,84,137451,50043,0.36407883536678526
2022,Naturalized citizen,85,115790,42265,0.3650142499352276
2022,Naturalized citizen,86,110658,38410,0.3471054962135589
2022,Naturalized citizen,87,92945,36404,0.39167249448598634
2022,Naturalized citizen,88,74286,27957,0.37634278329698734
2022,Naturalized citizen,89,63957,25426,0.3975483527995372
2022,Naturalized citizen,90,52953,20564,0.38834438086605105
2022,Naturalized citizen,91,23652,10762,0.4550143751056993
2022,Naturalized citizen,92,32677,12375,0.37870673562444535
2022,Naturalized citizen,93,12758,3263,0.2557610910801066
2022,Naturalized citizen,94,87056,39691,0.45592492188935857
2022,Naturalized citizen,95,81149,36098,0.44483604234186497
2022,Naturalized citizen,96,2144,581,0.27098880597014924
2022,Naturalized citizen,97,1355,573,0.4228782287822878
2022,Undocumented,0,12508.687,2116.4655,0.16919965300914475
2022,Undocumented,1,17355.37591875,4257.1415,0.24529238202214723
2022,Undocumented,2,26720.27465453125,3424.0058125,0.12814261293228713
2022,Undocumented,3,38837.57217470313,6529.811193125,0.16813129213515038
2022,Undocumented,4,39962.0229349918,7607.308522410157,0.19036344918737827
2022,Undocumented,5,52280.485431995054,8831.217619052451,0.16891996212506183
2022,Undocumented,6,52475.01821092766,7443.784550614122,0.14185387265028127
2022,Undocumented,7,61583.43784102966,11451.506083400925,0.18595106874289202
2022,Undocumented,8,63571.84243058735,11228.348183763224,0.17662455191578258
2022,Undocumented,9,70785.3539294959,10140.42079538437,0.1432559171136518
2022,Undocumented,10,64496.20467690433,9478.552950476125,0.1469629569361363
2022,Undocumented,11,78692.22632580136,11606.548571717585,0.1474929496042491
2022,Undocumented,12,76532.93784437355,12975.629833383025,0.16954307777611272
2022,Undocumented,13,82302.36173545249,12752.5396557732,0.15494743269657507
2022,Undocumented,14,75612.98042272801,12396.433194870588,0.16394583477024832
2022,Undocumented,15,70161.90250082873,12306.12086485977,0.17539605435748287
2022,Undocumented,16,78791.19472023603,12243.998077056202,0.155398050766091
2022,Undocumented,17,102870.21865742747,14784.481327874306,0.14371974241747013
2022,Undocumented,18,136836.41614258254,15381.812436370548,0.11241022580087755
2022,Undocumented,19,153744.78359731083,8768.591679077088,0.057033425615556695
2022,Undocumented,20,181007.59277344856,14268.889371597901,0.07883033608129923
2022,Undocumented,21,200160.57992263424,10706.057008535548,0.053487340078019543
2022,Undocumented,22,216833.49000272097,13647.134765657398,0.06293831624204428
2022,Undocumented,23,208986.4833349083,13600.422387781126,0.06507800012111771
2022,Undocumented,24,213439.19035638962,11107.956242337152,0.0520427210382014
2022,Undocumented,25,218093.33794023754,10649.13095934415,0.048828318461805784
2022,Undocumented,26,211127.41939764112,0,0
2022,Undocumented,27,209965.7363006483,0,0
2022,Undocumented,28,197623.7185023246,0,0
2022,Undocumented,29,197375.21457814297,0,0
2022,Undocumented,30,241077.0165001946,0,0
2022,Undocumented,31,211707.26284101658,0,0
2022,Undocumented,32,240790.35497918807,0,0
2022,Undocumented,33,226533.63785729551,0,0
2022,Undocumented,34,232513.75170679693,0,0
2022,Undocumented,35,273908.1522156239,0,0
2022,Undocumented,36,258083.27713253567,0,0
2022,Undocumented,37,248956.49400965465,0,0
2022,Undocumented,38,246373.0399010794,0,0
2022,Undocumented,39,251402.7316627462,0,0
2022,Undocumented,40,288995.2996904553,0,0
2022,Undocumented,41,260872.16976330604,0,0
2022,Undocumented,42,259373.8836195749,696.1146136617879,0.00268382692947908
2022,Undocumented,43,246615.374797964,0,0
2022,Undocumented,44,231625.70701468753,1238.159053492958,0.005345516563990221
2022,Undocumented,45,248596.93188632588,1006.9694665359557,0.004050610998676385
2022,Undocumented,46,228735.83405390315,2044.3302459623635,0.008937516303110614
2022,Undocumented,47,224513.17776169823,953.1312673490108,0.004245324380739376
2022,Undocumented,48,214173.36432403716,1135.75294219232,0.005302960738264183
2022,Undocumented,49,213387.13793754627,1298.5976173349468,0.006085641477205706
2022,Undocumented,50,227221.48263301514,21378.46426053328,0.09408645702335103
2022,Undocumented,51,185498.7324414075,19406.20096979637,0.10461635351565597
2022,Undocumented,52,204603.1747492827,20939.59717897724,0.10234248419965268
2022,Undocumented,53,161316.7784343265,13524.418380752377,0.08383764238298552
2022,Undocumented,54,172339.17962052397,16484.315981754822,0.09565042620054166
2022,Undocumented,55,152043.26255730184,15894.250133664518,0.10453768135680669
2022,Undocumented,56,144431.61038325203,15837.174297819234,0.1096517185939767
2022,Undocumented,57,134253.14137775995,16268.71593195887,0.1211794060459423
2022,Undocumented,58,124431.60841386142,12830.239882756447,0.10311077744878835
2022,Undocumented,59,101198.76375559653,13426.42411369752,0.13267379576022742
2022,Undocumented,60,103933.81301521542,14618.30492394368,0.14065013588795813
2022,Undocumented,61,84893.43132778657,9561.028344295775,0.11262388850062117
2022,Undocumented,62,87114.83542065148,10423.072714518612,0.11964750509128223
2022,Undocumented,63,75131.51124824744,9166.290469258904,0.12200327554934844
2022,Undocumented,64,66195.24326390024,8946.222063558547,0.1351490170961785
2022,Undocumented,65,44169.41892345945,0,0
2022,Undocumented,66,32802.2974026466,0,0
2022,Undocumented,67,32861.657009952585,0,0
2022,Undocumented,68,25687.430296123915,0,0
2022,Undocumented,69,22568.20441252362,0,0
2022,Undocumented,70,20885.584211510606,0,0
2022,Undocumented,71,15514.777346709805,0,0
2022,Undocumented,72,17365.564851042447,0,0
2022,Undocumented,73,14857.263153805561,0,0
2022,Undocumented,74,14874.691963883608,0,0
2022,Undocumented,75,14561.386044172283,0,0
2022,Undocumented,76,8507.273485901667,0,0
2022,Undocumented,77,10160.454003987372,0,0
2022,Undocumented,78,10606.888844229412,0,0
2022,Undocumented,79,7917.645963810689,0,0
2022,Undocumented,80,4815.3301544117585,0,0
2022,Undocumented,81,5618.995153467679,0,0
2022,Undocumented,82,6278.243680662205,0,0
2022,Undocumented,83,4875.383684290543,0,0
2022,Undocumented,84,4322.8170192631715,0,0
2022,Undocumented,85,2291.7194708486836,0,0
2022,Undocumented,86,1973.514718955098,0,0
2022,Undocumented,87,2499.9951473142496,0,0
2022,Undocumented,88,1961.149478664712,0,0
2022,Undocumented,89,877.9458391978736,0,0
2022,Undocumented,90,1780.1364533508458,0,0
2022,Undocumented,91,336.5836227695205,0,0
2022,Undocumented,92,901.1901004850853,0,0
2022,Undocumented,93,214.8639756889943,0,0
2022,Undocumented,94,1205.845399267043,0,0
2022,Undocumented,95,305.9984512702752,0,0
2022,Undocumented,96,519.3550515690617,0,0
2023,Legal noncitizen,0,10510,6424,0.6112274024738344
2023,Legal noncitizen,1,24875,17247,0.6933467336683418
2023,Legal noncitizen,2,32004,18453,0.5765841769778778
2023,Legal noncitizen,3,33834,21492,0.635219010462848
2023,Legal noncitizen,4,46084,28368,0.6155715649683188
2023,Legal noncitizen,5,46966,30717,0.6540263169101052
2023,Legal noncitizen,6,53951,34995,0.6486441400530111
2023,Legal noncitizen,7,54769,34199,0.6244225748142197
2023,Legal noncitizen,8,69986,44575,0.6369130969050953
2023,Legal noncitizen,9,70301,46732,0.6647416110723887
2023,Legal noncitizen,10,74135,46376,0.6255614756862481
2023,Legal noncitizen,11,80629,49100,0.6089620359920128
2023,Legal noncitizen,12,81179,50471,0.6217248303132583
2023,Legal noncitizen,13,80144,49297,0.6151053104412059
2023,Legal noncitizen,14,85397,52740,0.6175860978722906
2023,Legal noncitizen,15,72509,43466,0.599456619178309
2023,Legal noncitizen,16,70268,44065,0.6270991062788183
2023,Legal noncitizen,17,72730,48675,0.6692561528942664
2023,Legal noncitizen,18,73064,42126,0.5765630132486587
2023,Legal noncitizen,19,84636,44353,0.524044141972683
2023,Legal noncitizen,20,87622,46563,0.5314076373513501
2023,Legal noncitizen,21,98932,48927,0.49455181336675696
2023,Legal noncitizen,22,99248,40626,0.4093382234402708
2023,Legal noncitizen,23,119771,43881,0.36637416402969
2023,Legal noncitizen,24,127379,39775,0.31225712244561504
2023,Legal noncitizen,25,150238,42205,0.28092093877714025
2023,Legal noncitizen,26,179290,60179,0.3356517374086675
2023,Legal noncitizen,27,192672,54992,0.28541770470021594
2023,Legal noncitizen,28,222757,62959,0.2826353380589611
2023,Legal noncitizen,29,224743,56859,0.25299564391326984
2023,Legal noncitizen,30,282707,67343,0.23820775573296735
2023,Legal noncitizen,31,263069,58915,0.22395265120557725
2023,Legal noncitizen,32,268148,60799,0.22673672747885495
2023,Legal noncitizen,33,286806,65779,0.22935015306513812
2023,Legal noncitizen,34,296217,77946,0.26313817235337605
2023,Legal noncitizen,35,319134,80247,0.25145236797082104
2023,Legal noncitizen,36,305638,81110,0.2653793049293609
2023,Legal noncitizen,37,316589,81281,0.2567398109220472
2023,Legal noncitizen,38,310836,86350,0.2777992253149571
2023,Legal noncitizen,39,281352,78719,0.27978830788478487
2023,Legal noncitizen,40,315124,97895,0.3106554879983752
2023,Legal noncitizen,41,270040,78251,0.289775588801659
2023,Legal noncitizen,42,272766,86402,0.3167623530791961
2023,Legal noncitizen,43,263321,78731,0.29899248445813287
2023,Legal noncitizen,44,262544,78786,0.3000868425863855
2023,Legal noncitizen,45,251587,84241,0.33483844554766345
2023,Legal noncitizen,46,243032,72546,0.2985039007208927
2023,Legal noncitizen,47,239220,76507,0.31981857704205335
2023,Legal noncitizen,48,228640,75838,0.3316917424772568
2023,Legal noncitizen,49,206803,65031,0.31445868773663826
2023,Legal noncitizen,50,200854,54747,0.2725711213119978
2023,Legal noncitizen,51,177665,47513,0.26743027608138914
2023,Legal noncitizen,52,194854,54843,0.2814568856682439
2023,Legal noncitizen,53,175967,48198,0.27390362965783355
2023,Legal noncitizen,54,163506,49183,0.30080241703668364
2023,Legal noncitizen,55,164520,51529,0.31320812059324094
2023,Legal noncitizen,56,147954,42391,0.2865147275504549
2023,Legal noncitizen,57,146259,40984,0.2802152346180406
2023,Legal noncitizen,58,146857,41521,0.28273081977706205
2023,Legal noncitizen,59,143215,42689,0.2980763188213525
2023,Legal noncitizen,60,141927,42622,0.3003093139430834
2023,Legal noncitizen,61,123595,36516,0.29544884501800234
2023,Legal noncitizen,62,127507,44545,0.34935336883465223
2023,Legal noncitizen,63,117316,37849,0.3226243649630059
2023,Legal noncitizen,64,124267,39712,0.31956995823509055
2023,Legal noncitizen,65,143004,47558,0.3325641240804453
2023,Legal noncitizen,66,129032,46072,0.35705871411742823
2023,Legal noncitizen,67,115422,42245,0.3660047477950477
2023,Legal noncitizen,68,117536,38264,0.3255513204465015
2023,Legal noncitizen,69,101516,34550,0.3403404389455849
2023,Legal noncitizen,70,99944,38791,0.38812735131673737
2023,Legal noncitizen,71,79333,29583,0.3728965247753142
2023,Legal noncitizen,72,82490,36036,0.4368529518729543
2023,Legal noncitizen,73,77874,27018,0.34694506510516987
2023,Legal noncitizen,74,70915,25697,0.3623633927941902
2023,Legal noncitizen,75,70138,25470,0.3631412358493256
2023,Legal noncitizen,76,62944,24260,0.38542196237925774
2023,Legal noncitizen,77,49767,19847,0.3987984005465469
2023,Legal noncitizen,78,50170,22169,0.4418776161052422
2023,Legal noncitizen,79,43552,18374,0.4218864805290228
2023,Legal noncitizen,80,37603,15421,0.41010025795814165
2023,Legal noncitizen,81,38280,14752,0.3853709508881923
2023,Legal noncitizen,82,37206,12927,0.34744396065150784
2023,Legal noncitizen,83,30575,13259,0.4336549468520033
2023,Legal noncitizen,84,26457,13341,0.5042521827871641
2023,Legal noncitizen,85,28075,10550,0.3757791629563669
2023,Legal noncitizen,86,22576,12356,0.5473068745570517
2023,Legal noncitizen,87,20738,10153,0.4895843379303694
2023,Legal noncitizen,88,19295,9414,0.4878984192796061
2023,Legal noncitizen,89,10707,4632,0.43261417764079574
2023,Legal noncitizen,90,6560,3363,0.5126524390243903
2023,Legal noncitizen,91,1725,888,0.5147826086956522
2023,Legal noncitizen,92,6255,3080,0.4924060751398881
2023,Legal noncitizen,93,2872,1434,0.49930362116991645
2023,Legal noncitizen,94,20410,13435,0.6582557569818717
2023,Legal noncitizen,95,8108,4738,0.5843611248149976
2023,Legal noncitizen,96,18,0,0
2023,Native-born,0,3458169,1440582,0.41657362610098003
2023,Native-born,1,3563979,1447420,0.4061247274464861
2023,Native-born,2,3523536,1485357,0.42155295135341314
2023,Native-born,3,3697744,1607529,0.43473236654565595
2023,Native-born,4,3709683,1564654,0.42177566115487497
2023,Native-born,5,3679746,1534503,0.4170132938523474
2023,Native-born,6,3742475,1529799,0.408766658427912
2023,Native-born,7,3866026,1571198,0.40641164855073403
2023,Native-born,8,3895029,1561243,0.40082962155095636
2023,Native-born,9,3893346,1543838,0.3965324427882854
2023,Native-born,10,3920716,1541387,0.39313916131645343
2023,Native-born,11,3917430,1523270,0.38884421674414094
2023,Native-born,12,4009530,1553260,0.38739203846834913
2023,Native-born,13,4083392,1540760,0.37732355845336424
2023,Native-born,14,4209046,1616792,0.3841231480957918
2023,Native-born,15,4217411,1567229,0.37160926454642434
2023,Native-born,16,4210955,1487414,0.3532248622937077
2023,Native-born,17,4130095,1403221,0.33975513880431324
2023,Native-born,18,4191467,1205290,0.2875580315913259
2023,Native-born,19,3978553,925117,0.23252599626044945
2023,Native-born,20,3922205,854948,0.2179763678849015
2023,Native-born,21,3894214,803116,0.20623314486569047
2023,Native-born,22,3887808,729582,0.1876589584670848
2023,Native-born,23,3941787,685680,0.17395156054855324
2023,Native-born,24,3871411,679511,0.17552024313615888
2023,Native-born,25,3763933,619257,0.16452391687099638
2023,Native-born,26,3747002,696760,0.18595132855546914
2023,Native-born,27,3760277,688015,0.18296923338360446
2023,Native-born,28,3828477,737284,0.19257892890567188
2023,Native-born,29,3813618,691936,0.18143820382639267
2023,Native-born,30,3935446,726950,0.1847185808165072
2023,Native-born,31,3890220,739575,0.19011135617008806
2023,Native-born,32,3936541,731516,0.185827100492539
2023,Native-born,33,3949733,729712,0.1847497033343773
2023,Native-born,34,3843085,695365,0.18093927144468572
2023,Native-born,35,3723870,647162,0.17378748452550707
2023,Native-born,36,3670232,625748,0.17049276449009218
2023,Native-born,37,3563621,592769,0.16633895692050304
2023,Native-born,38,3562560,577630,0.16213902362346178
2023,Native-born,39,3455028,552730,0.15997844301117098
2023,Native-born,40,3587691,570749,0.15908532814002097
2023,Native-born,41,3488170,550938,0.15794471026354792
2023,Native-born,42,3464880,546775,0.1578048879037658
2023,Native-born,43,3444347,502594,0.14591851517863907
2023,Native-born,44,3263622,471009,0.14432094157963146
2023,Native-born,45,3157316,443789,0.14055894310230588
2023,Native-born,46,3050144,437625,0.1434768325692164
2023,Native-born,47,2976932,398662,0.13391706629509845
2023,Native-born,48,2959388,400003,0.13516409473850674
2023,Native-born,49,2925022,388892,0.1329535299221681
2023,Native-born,50,3023778,403987,0.13360339284167025
2023,Native-born,51,3099744,407492,0.1314598883004532
2023,Native-born,52,3341480,427295,0.12787597112656668
2023,Native-born,53,3358126,446463,0.13295004416153533
2023,Native-born,54,3202149,421840,0.1317365306861111
2023,Native-born,55,3055359,430288,0.1408305865202747
2023,Native-born,56,3055581,439324,0.14377756636135647
2023,Native-born,57,3156153,464123,0.14705339063093584
2023,Native-born,58,3382958,503995,0.1489805667111445
2023,Native-born,59,3426908,522093,0.1523510406465537
2023,Native-born,60,3627554,572368,0.15778345408503913
2023,Native-born,61,3584894,560684,0.1564018350333371
2023,Native-born,62,3679559,595500,0.16184004659254003
2023,Native-born,63,3613427,588389,0.16283406306533935
2023,Native-born,64,3590152,561891,0.15650897232206323
2023,Native-born,65,3408528,497354,0.14591460008543278
2023,Native-born,66,3350150,487493,0.14551378296494186
2023,Native-born,67,3241159,452113,0.13949115115919952
2023,Native-born,68,3151993,408558,0.12961894268166205
2023,Native-born,69,3063856,380465,0.12417848619517366
2023,Native-born,70,2996374,378638,0.126365400313846
2023,Native-born,71,2830296,337557,0.11926561744778638
2023,Native-born,72,2713732,325425,0.119917884301029
2023,Native-born,73,2552469,317558,0.12441208884417401
2023,Native-born,74,2498321,308690,0.12355898221245389
2023,Native-born,75,2395415,294516,0.1229498855104439
2023,Native-born,76,2361804,287119,0.12156766607220582
2023,Native-born,77,1761715,215630,0.12239777716600017
2023,Native-born,78,1613478,203535,0.12614674634547232
2023,Native-born,79,1602555,197202,0.12305474695096268
2023,Native-born,80,1594148,212746,0.13345435931921001
2023,Native-born,81,1313339,171566,0.13063344650543385
2023,Native-born,82,1159117,160329,0.13831994526868296
2023,Native-born,83,1024576,155101,0.15138066868636393
2023,Native-born,84,910079,130639,0.1435468788973265
2023,Native-born,85,822531,123863,0.15058763742643133
2023,Native-born,86,719400,112726,0.1566944676118988
2023,Native-born,87,639854,107183,0.16751165109540614
2023,Native-born,88,566926,100471,0.17722066019198274
2023,Native-born,89,417274,73171,0.17535480283938132
2023,Native-born,90,287543,49691,0.17281241414327597
2023,Native-born,91,91463,17944,0.19618862272175633
2023,Native-born,92,269622,53403,0.19806618154304917
2023,Native-born,93,370838,68558,0.184873179124038
2023,Native-born,94,731378,138820,0.18980609206183396
2023,Native-born,95,273203,64725,0.23691174694274952
2023,Native-born,96,6474,1510,0.23324065492740192
2023,Naturalized citizen,0,8292,3024,0.36468885672937773
2023,Naturalized citizen,1,9757,4884,0.5005636978579482
2023,Naturalized citizen,2,7585,4100,0.5405405405405406
2023,Naturalized citizen,3,8139,2813,0.34561985501904413
2023,Naturalized citizen,4,14151,7208,0.5093632958801498
2023,Naturalized citizen,5,13430,7110,0.5294117647058824
2023,Naturalized citizen,6,17081,7813,0.45740881681400386
2023,Naturalized citizen,7,22188,11188,0.5042365242473409
2023,Naturalized citizen,8,23946,10963,0.4578217656393552
2023,Naturalized citizen,9,31353,15323,0.48872516186648807
2023,Naturalized citizen,10,37721,17062,0.45232098830889955
2023,Naturalized citizen,11,49516,23769,0.4800266580499233
2023,Naturalized citizen,12,50653,24547,0.48461098059344954
2023,Naturalized citizen,13,64053,29388,0.4588075499976582
2023,Naturalized citizen,14,65379,28077,0.429449823337769
2023,Naturalized citizen,15,74112,35331,0.4767244170984456
2023,Naturalized citizen,16,87626,35316,0.4030310638394997
2023,Naturalized citizen,17,88763,32726,0.3686896567263387
2023,Naturalized citizen,18,100972,35348,0.350077249138375
2023,Naturalized citizen,19,96864,28292,0.2920796167822927
2023,Naturalized citizen,20,104170,30257,0.2904579053470289
2023,Naturalized citizen,21,112128,32005,0.2854327197488584
2023,Naturalized citizen,22,132668,35963,0.27107516507371787
2023,Naturalized citizen,23,142950,33203,0.23227002448408535
2023,Naturalized citizen,24,150082,31002,0.2065670766647566
2023,Naturalized citizen,25,164920,34089,0.2067002182876546
2023,Naturalized citizen,26,183170,34132,0.18634055795162963
2023,Naturalized citizen,27,186500,36937,0.19805361930294907
2023,Naturalized citizen,28,198742,38151,0.1919624437713216
2023,Naturalized citizen,29,207811,37944,0.18258898710847837
2023,Naturalized citizen,30,248636,46016,0.18507376244791582
2023,Naturalized citizen,31,252987,48908,0.19332218651551267
2023,Naturalized citizen,32,267008,50657,0.18972090723873442
2023,Naturalized citizen,33,289526,58435,0.2018298874712461
2023,Naturalized citizen,34,319872,62782,0.19627225890356143
2023,Naturalized citizen,35,369534,69760,0.18877829915515215
2023,Naturalized citizen,36,372980,61237,0.16418306611614564
2023,Naturalized citizen,37,375803,73029,0.194327879234599
2023,Naturalized citizen,38,397865,68423,0.17197541879783343
2023,Naturalized citizen,39,436039,83362,0.19118014672999434
2023,Naturalized citizen,40,450200,88286,0.19610395379831186
2023,Naturalized citizen,41,433293,77624,0.1791489823283552
2023,Naturalized citizen,42,454921,74508,0.1637822830777212
2023,Naturalized citizen,43,478220,84587,0.17687884237380286
2023,Naturalized citizen,44,451507,68398,0.1514882382775904
2023,Naturalized citizen,45,474480,76592,0.16142303152925308
2023,Naturalized citizen,46,469311,70624,0.15048443356324484
2023,Naturalized citizen,47,490229,76790,0.1566410799850682
2023,Naturalized citizen,48,508462,70249,0.13815978381865313
2023,Naturalized citizen,49,524649,73742,0.1405549233868739
2023,Naturalized citizen,50,555384,80903,0.14567038301427482
2023,Naturalized citizen,51,518839,73595,0.14184554360794002
2023,Naturalized citizen,52,526666,74290,0.14105714057865895
2023,Naturalized citizen,53,540998,76542,0.14148296296843982
2023,Naturalized citizen,54,529238,78060,0.1474950778288785
2023,Naturalized citizen,55,536798,82182,0.15309669559126524
2023,Naturalized citizen,56,518468,86784,0.16738545098251
2023,Naturalized citizen,57,528350,88021,0.16659600643512823
2023,Naturalized citizen,58,533136,87423,0.16397879715494734
2023,Naturalized citizen,59,535590,92976,0.1735954741500028
2023,Naturalized citizen,60,540790,93178,0.1722997836498456
2023,Naturalized citizen,61,502035,87098,0.1734898961227803
2023,Naturalized citizen,62,498900,97662,0.1957546602525556
2023,Naturalized citizen,63,503250,102419,0.2035151515151515
2023,Naturalized citizen,64,451607,96386,0.21342893267819144
2023,Naturalized citizen,65,437557,83137,0.19000267393733844
2023,Naturalized citizen,66,422176,79013,0.1871565413476844
2023,Naturalized citizen,67,425290,84587,0.19889252039784616
2023,Naturalized citizen,68,406551,86379,0.2124678084668344
2023,Naturalized citizen,69,370696,77938,0.21024775017804345
2023,Naturalized citizen,70,389210,84686,0.21758433750417513
2023,Naturalized citizen,71,344019,78819,0.22911234553905452
2023,Naturalized citizen,72,352926,86959,0.24639442829374997
2023,Naturalized citizen,73,331820,84170,0.2536616237719245
2023,Naturalized citizen,74,307988,76777,0.24928568645531643
2023,Naturalized citizen,75,300983,80136,0.266247595379141
2023,Naturalized citizen,76,275598,68798,0.2496317099543538
2023,Naturalized citizen,77,250295,65201,0.26049661399548535
2023,Naturalized citizen,78,216289,60868,0.28141976707090977
2023,Naturalized citizen,79,216107,63800,0.2952241250861842
2023,Naturalized citizen,80,202517,59241,0.29252359061214617
2023,Naturalized citizen,81,175890,50568,0.28749786798567284
2023,Naturalized citizen,82,166634,55705,0.3342955219222968
2023,Naturalized citizen,83,150173,47196,0.3142775332449908
2023,Naturalized citizen,84,138516,46824,0.3380403707874903
2023,Naturalized citizen,85,129806,47706,0.3675176802304978
2023,Naturalized citizen,86,105946,38450,0.36292073320370755
2023,Naturalized citizen,87,93520,33008,0.3529512403763901
2023,Naturalized citizen,88,86979,38187,0.43903700893319075
2023,Naturalized citizen,89,58857,21079,0.3581392187845116
2023,Naturalized citizen,90,52721,20291,0.3848750972098405
2023,Naturalized citizen,91,16220,5867,0.36171393341553637
2023,Naturalized citizen,92,28850,11368,0.39403812824956674
2023,Naturalized citizen,93,17217,4581,0.2660742289597491
2023,Naturalized citizen,94,118469,51769,0.436983514674725
2023,Naturalized citizen,95,57508,27306,0.4748208944842457
2023,Naturalized citizen,96,1647,167,0.10139647844565877
2023,Undocumented,0,16602.28525,3155.39575,0.19005791687623244
2023,Undocumented,1,22179.21983125,3467.1619312499997,0.15632479219872514
2023,Undocumented,2,36780.7773096875,4533.479995,0.1232567750493394
2023,Undocumented,3,39171.461114957034,7444.8781390703125,0.19005872967622334
2023,Undocumented,4,48500.90773842364,10727.051161072364,0.22117217308438383
2023,Undocumented,5,54876.32310207653,9337.986576006933,0.17016421742829163
2023,Undocumented,6,60276.26716691125,11332.27843068458,0.18800564406724662
2023,Undocumented,7,73589.18108656342,12013.193672382353,0.1632467367485875
2023,Undocumented,8,77526.23979221947,11154.83125353086,0.14388459034550466
2023,Undocumented,9,84507.5480709967,14322.305425934808,0.16947959978559923
2023,Undocumented,10,91863.5910005861,15056.74508466605,0.1639032931400427
2023,Undocumented,11,78179.36143770703,11419.151230299065,0.14606350090743314
2023,Undocumented,12,82617.01398295072,13637.008101319605,0.1650629506427551
2023,Undocumented,13,88377.97407812683,13118.07188244788,0.1484314617899184
2023,Undocumented,14,89811.51241209911,15423.563271119236,0.17173258591112897
2023,Undocumented,15,88240.34659700123,14799.811797997649,0.16772159639840542
2023,Undocumented,16,100772.3406167265,15155.958731479472,0.15039800245508875
2023,Undocumented,17,97631.33433866686,14945.088242899394,0.1530767590562408
2023,Undocumented,18,147517.7161535967,17971.10859870616,0.1218233922493383
2023,Undocumented,19,171414.09804564953,9441.991735484164,0.05508293566944333
2023,Undocumented,20,171788.49554414407,9812.130915549942,0.057117508855699495
2023,Undocumented,21,179239.18861515683,9978.823307188068,0.055673222939061205
2023,Undocumented,22,219792.55921982072,11165.458287377254,0.05079998307044765
2023,Undocumented,23,228881.3959975721,11669.610608732917,0.050985404724011314
2023,Undocumented,24,232376.33758473553,11922.47198944542,0.05130673851462142
2023,Undocumented,25,249619.03432458747,9941.691181321554,0.03982745630044406
2023,Undocumented,26,220727.8633019062,413.975106070313,0.0018754999929668503
2023,Undocumented,27,219943.78335129522,675.026006347393,0.0030690842726354235
2023,Undocumented,28,229394.87785405386,916.8701906673202,0.0039969078614329545
2023,Undocumented,29,226441.47175382506,0,0
2023,Undocumented,30,243295.77473808464,554.1624484916169,0.0022777314940557016
2023,Undocumented,31,209176.43967678657,214.8733561692876,0.0010272349816322706
2023,Undocumented,32,240797.86236120356,254.9320253268506,0.0010586972111257592
2023,Undocumented,33,232554.94978829683,39.1692355347656,1.6843002297058294e-4
2023,Undocumented,34,237004.79964059888,1449.7140357302892,0.006116812984077447
2023,Undocumented,35,275539.2822948311,296.951024187364,0.0010777084911966273
2023,Undocumented,36,262489.8205651408,574.196053561697,0.002187498365938353
2023,Undocumented,37,261225.6868904672,470.7625595868768,0.0018021296649294262
2023,Undocumented,38,291167.4801515495,1013.5189180557735,0.0034808795183042004
2023,Undocumented,39,257120.5550152724,834.2566302271769,0.0032446127466457275
2023,Undocumented,40,299062.7713505699,890.9501065875725,0.002979140809014892
2023,Undocumented,41,266619.8223385551,415.337032784675,0.0015577875236045954
2023,Undocumented,42,284226.1150788675,2447.254211534385,0.008610236996890019
2023,Undocumented,43,267506.3188397483,2473.250382642794,0.009245577425497803
2023,Undocumented,44,239556.37666183096,2067.141786943971,0.008629040962086538
2023,Undocumented,45,278042.21232407214,1899.1425896419369,0.006830411014815229
2023,Undocumented,46,252907.19265722253,3259.157273840148,0.012886771782159011
2023,Undocumented,47,233187.33730329238,3056.345903642406,0.01310682620672153
2023,Undocumented,48,233936.66193344406,3403.7178330290935,0.014549740963635129
2023,Undocumented,49,223832.92924550842,2100.9024694758755,0.00938602946652021
2023,Undocumented,50,250004.83272667145,21798.326499871582,0.08719162050640654
2023,Undocumented,51,210967.60286442167,20403.81914643923,0.09671541444944863
2023,Undocumented,52,201171.64450056732,24132.480477862122,0.11995965205620251
2023,Undocumented,53,202785.97874941575,22673.723929063333,0.11181110286269562
2023,Undocumented,54,192621.1954001856,18746.899126548684,0.09732521432857134
2023,Undocumented,55,165687.84440862061,21474.974104123943,0.12961104165953297
2023,Undocumented,56,146103.4942905847,18579.29073450056,0.12716527297799105
2023,Undocumented,57,146287.67012520754,16173.256028954635,0.11055788922683608
2023,Undocumented,58,128869.2694140364,16044.359646895748,0.12450105226675709
2023,Undocumented,59,124584.4141045234,17116.32430578064,0.13738736445331312
2023,Undocumented,60,122355.5233555247,14925.448703832022,0.12198426596945365
2023,Undocumented,61,93402.0077651805,13061.191160011631,0.13983844108414054
2023,Undocumented,62,89790.67065529189,12614.54091464422,0.14048832492934243
2023,Undocumented,63,84266.99889526167,11516.556432544101,0.13666745681614248
2023,Undocumented,64,61764.88384652275,8346.270037062226,0.13512969696181346
2023,Undocumented,65,42091.46504812832,0,0
2023,Undocumented,66,34466.66247080316,0,0
2023,Undocumented,67,35768.20871555657,0,0
2023,Undocumented,68,28587.803083769642,0,0
2023,Undocumented,69,27136.310128888763,0,0
2023,Undocumented,70,19806.375165677964,0,0
2023,Undocumented,71,19001.417562195224,0,0
2023,Undocumented,72,14384.886412707452,0,0
2023,Undocumented,73,17071.199581967554,0,0
2023,Undocumented,74,15196.239664790839,0,0
2023,Undocumented,75,13132.945861995506,0,0
2023,Undocumented,76,8446.268851461293,0,0
2023,Undocumented,77,8443.397062469094,0,0
2023,Undocumented,78,8366.682897256156,0,0
2023,Undocumented,79,7585.328783242819,0,0
2023,Undocumented,80,9766.28682929901,0,0
2023,Undocumented,81,6002.754874593578,0,0
2023,Undocumented,82,6420.984808906699,0,0
2023,Undocumented,83,6408.355517176645,0,0
2023,Undocumented,84,5309.591304058567,0,0
2023,Undocumented,85,3785.0008118583964,0,0
2023,Undocumented,86,3596.319153155623,0,0
2023,Undocumented,87,1802.2878403776938,0,0
2023,Undocumented,88,3130.0086615957066,0,0
2023,Undocumented,89,1842.7709150062492,0,0
2023,Undocumented,90,1116.0890666885432,0,0
2023,Undocumented,91,308.1973004356546,0,0
2023,Undocumented,92,1810.9732752822283,0,0
2023,Undocumented,93,458.4118878375839,0,0
2023,Undocumented,94,714.0032331817879,0,0
2023,Undocumented,95,711.2547214145158,0,0
2024,Legal noncitizen,0,14701,10211,0.6945786000952316
2024,Legal noncitizen,1,20287,11356,0.5597673386898013
2024,Legal noncitizen,2,29919,18398,0.6149269694842742
2024,Legal noncitizen,3,47770,30244,0.6331170190496127
2024,Legal noncitizen,4,49628,32871,0.6623478681389539
2024,Legal noncitizen,5,53196,35827,0.673490488006617
2024,Legal noncitizen,6,53858,30825,0.5723383712726058
2024,Legal noncitizen,7,71361,45897,0.6431664354479337
2024,Legal noncitizen,8,71105,45150,0.6349764432880951
2024,Legal noncitizen,9,72776,44987,0.6181570847532153
2024,Legal noncitizen,10,76304,50204,0.6579471587334871
2024,Legal noncitizen,11,82874,49493,0.5972078094456645
2024,Legal noncitizen,12,89109,53450,0.5998271779505998
2024,Legal noncitizen,13,82390,52356,0.635465469110329
2024,Legal noncitizen,14,74588,39522,0.5298707566900842
2024,Legal noncitizen,15,73440,42367,0.5768927015250545
2024,Legal noncitizen,16,84392,52208,0.6186368376149398
2024,Legal noncitizen,17,70240,42465,0.6045700455580866
2024,Legal noncitizen,18,72604,42362,0.5834664756762713
2024,Legal noncitizen,19,72625,35988,0.49553184165232356
2024,Legal noncitizen,20,87658,39829,0.45436811243697095
2024,Legal noncitizen,21,85037,37185,0.43728024271787574
2024,Legal noncitizen,22,101018,39030,0.3863667861173256
2024,Legal noncitizen,23,113265,40932,0.36138259833134684
2024,Legal noncitizen,24,136706,41945,0.30682632803241994
2024,Legal noncitizen,25,155670,44922,0.28857197918674116
2024,Legal noncitizen,26,174044,47068,0.2704373606674174
2024,Legal noncitizen,27,209573,54017,0.25774789691420175
2024,Legal noncitizen,28,207210,50599,0.24419188263114713
2024,Legal noncitizen,29,237754,49642,0.20879564591973215
2024,Legal noncitizen,30,264920,54380,0.20526951532538124
2024,Legal noncitizen,31,266557,58395,0.2190713430898457
2024,Legal noncitizen,32,279420,60746,0.2174003292534536
2024,Legal noncitizen,33,278414,65358,0.2347511260209616
2024,Legal noncitizen,34,299177,67331,0.22505406498494201
2024,Legal noncitizen,35,313629,71442,0.22779143510325894
2024,Legal noncitizen,36,300375,69984,0.2329887640449438
2024,Legal noncitizen,37,287319,62609,0.21790762184192483
2024,Legal noncitizen,38,302251,65877,0.2179546138805165
2024,Legal noncitizen,39,288425,62477,0.21661437115367946
2024,Legal noncitizen,40,292354,67006,0.22919474335907838
2024,Legal noncitizen,41,265852,65163,0.2451100612370793
2024,Legal noncitizen,42,262408,64480,0.24572421572513034
2024,Legal noncitizen,43,256045,64206,0.25076060848678944
2024,Legal noncitizen,44,245493,63814,0.25994223867890326
2024,Legal noncitizen,45,229583,58089,0.25301960511013444
2024,Legal noncitizen,46,213459,49927,0.23389503370670714
2024,Legal noncitizen,47,218570,56967,0.2606350368303061
2024,Legal noncitizen,48,206826,47929,0.23173585525997697
2024,Legal noncitizen,49,210387,52025,0.2472823891210008
2024,Legal noncitizen,50,214433,57915,0.2700843620151749
2024,Legal noncitizen,51,188093,50073,0.26621405368620843
2024,Legal noncitizen,52,175708,49312,0.2806474377945227
2024,Legal noncitizen,53,174445,50025,0.2867666026541317
2024,Legal noncitizen,54,160229,46063,0.28748229097104766
2024,Legal noncitizen,55,163324,50442,0.30884621978398763
2024,Legal noncitizen,56,152652,47088,0.30846631554123105
2024,Legal noncitizen,57,142347,38350,0.269412070503769
2024,Legal noncitizen,58,148560,45204,0.304281098546042
2024,Legal noncitizen,59,148286,44068,0.2971824717100738
2024,Legal noncitizen,60,149876,49458,0.32999279404307563
2024,Legal noncitizen,61,140411,46607,0.3319326833367756
2024,Legal noncitizen,62,132067,43047,0.32594819296266286
2024,Legal noncitizen,63,133602,42150,0.3154892890824988
2024,Legal noncitizen,64,129701,44263,0.3412695353158418
2024,Legal noncitizen,65,134519,46911,0.3487314059723905
2024,Legal noncitizen,66,128895,47950,0.37200822374801196
2024,Legal noncitizen,67,120658,45607,0.37798571168094947
2024,Legal noncitizen,68,128298,43116,0.33606135715287844
2024,Legal noncitizen,69,120191,43656,0.36322187185396576
2024,Legal noncitizen,70,110220,41599,0.3774178914897478
2024,Legal noncitizen,71,88158,32331,0.36673926359490916
2024,Legal noncitizen,72,91640,34104,0.3721518987341772
2024,Legal noncitizen,73,81102,29157,0.35951024635644
2024,Legal noncitizen,74,76104,30885,0.40582623777988014
2024,Legal noncitizen,75,78525,32696,0.4163769500159185
2024,Legal noncitizen,76,57559,20598,0.35785889261453463
2024,Legal noncitizen,77,61178,21598,0.35303540488410867
2024,Legal noncitizen,78,53065,21208,0.39966079336662585
2024,Legal noncitizen,79,48077,21207,0.44110489423216925
2024,Legal noncitizen,80,41799,17998,0.43058446374315174
2024,Legal noncitizen,81,42072,17989,0.42757653546301577
2024,Legal noncitizen,82,36670,15811,0.4311698936460322
2024,Legal noncitizen,83,30005,10686,0.356140643226129
2024,Legal noncitizen,84,25116,10774,0.4289695811434942
2024,Legal noncitizen,85,24114,10866,0.4506096043791988
2024,Legal noncitizen,86,16504,6957,0.4215341735336888
2024,Legal noncitizen,87,14811,6173,0.4167848220916886
2024,Legal noncitizen,88,15273,8295,0.543115301512473
2024,Legal noncitizen,89,11165,5586,0.5003134796238244
2024,Legal noncitizen,90,12365,5257,0.4251516376870198
2024,Legal noncitizen,91,2230,1008,0.45201793721973094
2024,Legal noncitizen,92,8886,3530,0.3972541075849651
2024,Legal noncitizen,93,3349,1880,0.5613616004777545
2024,Legal noncitizen,94,16057,7156,0.4456623279566544
2024,Legal noncitizen,95,11794,6044,0.5124639647278277
2024,Legal noncitizen,96,272,0,0
2024,Native-born,0,3410093,1364148,0.4000324917824822
2024,Native-born,1,3496222,1361247,0.38934798762778794
2024,Native-born,2,3625312,1454177,0.40111775207209754
2024,Native-born,3,3651553,1482095,0.40588073074661657
2024,Native-born,4,3722398,1494536,0.40149817402652804
2024,Native-born,5,3634308,1420453,0.39084551997244044
2024,Native-born,6,3704754,1471656,0.39723447224835984
2024,Native-born,7,3814036,1470679,0.3855965177046048
2024,Native-born,8,3884897,1505003,0.3873984303830964
2024,Native-born,9,3955404,1519742,0.38421915940824247
2024,Native-born,10,4027630,1547565,0.38423713201063653
2024,Native-born,11,3985678,1492361,0.3744308998368659
2024,Native-born,12,4027698,1485897,0.36891966577434554
2024,Native-born,13,4048201,1468329,0.3627114859168307
2024,Native-born,14,4134631,1504426,0.36385979788764705
2024,Native-born,15,4092298,1468070,0.3587397594212347
2024,Native-born,16,4268073,1461426,0.3424088575804584
2024,Native-born,17,4210269,1432842,0.340320772853231
2024,Native-born,18,4261170,1229037,0.2884271221284295
2024,Native-born,19,4091508,864511,0.21129397767277983
2024,Native-born,20,4042389,783514,0.19382449338744984
2024,Native-born,21,3951330,713274,0.1805149152310741
2024,Native-born,22,3937981,718279,0.1823977820106293
2024,Native-born,23,4024604,672664,0.1671379345644938
2024,Native-born,24,4090092,672130,0.16433126687614852
2024,Native-born,25,3841148,609901,0.1587809165384932
2024,Native-born,26,3822270,659442,0.17252627365413747
2024,Native-born,27,3815140,664324,0.17412834129284901
2024,Native-born,28,3773337,654432,0.17343587386973386
2024,Native-born,29,3767358,649305,0.17235022527723673
2024,Native-born,30,3911382,680349,0.17394082193966226
2024,Native-born,31,3835801,656036,0.17102972755885928
2024,Native-born,32,3979507,694398,0.17449347368907756
2024,Native-born,33,4000197,701869,0.1754586086635233
2024,Native-born,34,4004014,664600,0.16598343562235296
2024,Native-born,35,3846290,626542,0.1628951535115657
2024,Native-born,36,3712209,605220,0.16303500153143316
2024,Native-born,37,3642829,581371,0.15959327215194563
2024,Native-born,38,3660153,565990,0.15463561222713915
2024,Native-born,39,3564903,558843,0.15676247011489514
2024,Native-born,40,3651721,551298,0.1509693648556393
2024,Native-born,41,3455970,508688,0.14719109251527068
2024,Native-born,42,3537487,506904,0.14329494355738975
2024,Native-born,43,3501944,514293,0.1468592872987118
2024,Native-born,44,3453278,486264,0.14081229486881738
2024,Native-born,45,3206320,456796,0.14246737693056213
2024,Native-born,46,3111362,436491,0.14028936523618918
2024,Native-born,47,3083284,407549,0.13218016893675705
2024,Native-born,48,3002094,396810,0.1321777399375236
2024,Native-born,49,3022697,377173,0.124780287273253
2024,Native-born,50,2937912,355209,0.12090525516080808
2024,Native-born,51,2934803,374107,0.12747261059771303
2024,Native-born,52,3121509,402132,0.12882615427346197
2024,Native-born,53,3338459,417735,0.12512809053518406
2024,Native-born,54,3347379,434541,0.1298152972818435
2024,Native-born,55,3098324,404154,0.1304427813230637
2024,Native-born,56,3000718,411359,0.1370868572121739
2024,Native-born,57,3117219,416959,0.13375993152871196
2024,Native-born,58,3181894,456993,0.14362294909887005
2024,Native-born,59,3371063,491108,0.1456834238932942
2024,Native-born,60,3582506,552620,0.15425514988669942
2024,Native-born,61,3507528,528721,0.15073892496367813
2024,Native-born,62,3612644,555214,0.15368633056564665
2024,Native-born,63,3611980,569222,0.1575927884429039
2024,Native-born,64,3630937,554094,0.15260358414370725
2024,Native-born,65,3407753,484816,0.14226852709101862
2024,Native-born,66,3363980,462695,0.13754392118859207
2024,Native-born,67,3285503,442567,0.13470296633422646
2024,Native-born,68,3176767,417610,0.13145754787807856
2024,Native-born,69,3123826,404389,0.12945311294547135
2024,Native-born,70,3044660,386439,0.12692353169155177
2024,Native-born,71,2894607,358681,0.12391353990368986
2024,Native-born,72,2826870,346472,0.1225638250078709
2024,Native-born,73,2652831,336077,0.1266861703591371
2024,Native-born,74,2515491,317362,0.126163043318382
2024,Native-born,75,2360659,290683,0.12313637844347701
2024,Native-born,76,2328480,278105,0.11943628461485604
2024,Native-born,77,2265141,277457,0.1224899465419592
2024,Native-born,78,1709919,215057,0.1257702850251971
2024,Native-born,79,1566090,200720,0.12816632505156153
2024,Native-born,80,1516756,211397,0.13937442805566616
2024,Native-born,81,1489893,190275,0.12771051343955572
2024,Native-born,82,1249353,178559,0.14292117600069795
2024,Native-born,83,1079632,158192,0.14652400077063296
2024,Native-born,84,941490,142294,0.15113702747772148
2024,Native-born,85,856275,134664,0.15726723307348692
2024,Native-born,86,760146,116663,0.15347446411610402
2024,Native-born,87,661704,108243,0.163582205941025
2024,Native-born,88,575845,93066,0.16161640719290782
2024,Native-born,89,443515,81826,0.18449432375455171
2024,Native-born,90,290041,55136,0.19009726211121875
2024,Native-born,91,104425,19043,0.18236054584630118
2024,Native-born,92,232753,43097,0.1851619527997491
2024,Native-born,93,355759,74236,0.20866935200514955
2024,Native-born,94,651429,121521,0.18654527200968946
2024,Native-born,95,400354,84813,0.21184501715981358
2024,Native-born,96,11211,2664,0.2376237623762376
2024,Naturalized citizen,0,9003,3228,0.3585471509496834
2024,Naturalized citizen,1,7656,3755,0.4904649947753396
2024,Naturalized citizen,2,11388,4669,0.4099929750614682
2024,Naturalized citizen,3,12690,3384,0.26666666666666666
2024,Naturalized citizen,4,11731,4803,0.40942801125223766
2024,Naturalized citizen,5,15185,9275,0.6108001317089233
2024,Naturalized citizen,6,15839,9509,0.6003535576740956
2024,Naturalized citizen,7,25886,10613,0.409989955960751
2024,Naturalized citizen,8,31776,15658,0.4927618328298087
2024,Naturalized citizen,9,31544,15257,0.4836735987826528
2024,Naturalized citizen,10,33634,13946,0.4146399476719986
2024,Naturalized citizen,11,50417,25756,0.5108594323343316
2024,Naturalized citizen,12,51597,21922,0.4248696629649011
2024,Naturalized citizen,13,62877,26756,0.42552920781843917
2024,Naturalized citizen,14,67938,27105,0.3989667049368542
2024,Naturalized citizen,15,75624,31925,0.4221543425367608
2024,Naturalized citizen,16,86769,31246,0.3601055676566516
2024,Naturalized citizen,17,90724,34235,0.377353291301089
2024,Naturalized citizen,18,105559,36231,0.34322985249955
2024,Naturalized citizen,19,114923,29224,0.25429200421151554
2024,Naturalized citizen,20,109872,27405,0.24942660550458715
2024,Naturalized citizen,21,118927,30907,0.25988211255644217
2024,Naturalized citizen,22,136383,34746,0.25476782296913836
2024,Naturalized citizen,23,131783,27910,0.21178755985218123
2024,Naturalized citizen,24,164353,34144,0.2077479571410318
2024,Naturalized citizen,25,179604,35643,0.19845326384713036
2024,Naturalized citizen,26,183084,37529,0.20498241244456097
2024,Naturalized citizen,27,210119,38100,0.18132582013049747
2024,Naturalized citizen,28,213257,38498,0.18052396873256213
2024,Naturalized citizen,29,209589,35613,0.16991826861142523
2024,Naturalized citizen,30,234896,44083,0.18767028812751174
2024,Naturalized citizen,31,261319,43418,0.1661494189094555
2024,Naturalized citizen,32,266712,49252,0.18466360718677824
2024,Naturalized citizen,33,307872,49845,0.161901699407546
2024,Naturalized citizen,34,329442,55327,0.16794154965062136
2024,Naturalized citizen,35,347202,60181,0.17333137481926947
2024,Naturalized citizen,36,381568,62265,0.16318192301241194
2024,Naturalized citizen,37,398649,67657,0.16971571482682762
2024,Naturalized citizen,38,410235,67996,0.16574890002071982
2024,Naturalized citizen,39,434429,71890,0.16548158617403536
2024,Naturalized citizen,40,448294,75047,0.1674057649667406
2024,Naturalized citizen,41,430117,65936,0.15329782361543487
2024,Naturalized citizen,42,480403,78739,0.16390197396768963
2024,Naturalized citizen,43,484298,76300,0.15754762563545585
2024,Naturalized citizen,44,499099,73174,0.14661219517570662
2024,Naturalized citizen,45,492143,67941,0.13805133873691183
2024,Naturalized citizen,46,470785,67579,0.14354535509839947
2024,Naturalized citizen,47,517628,79701,0.15397350993377484
2024,Naturalized citizen,48,533250,74832,0.14033192686357243
2024,Naturalized citizen,49,523241,70935,0.13556850476166815
2024,Naturalized citizen,50,558117,76313,0.13673297892735753
2024,Naturalized citizen,51,536248,70174,0.13086109412063077
2024,Naturalized citizen,52,548505,77767,0.14177992907995368
2024,Naturalized citizen,53,552477,84664,0.15324438845417998
2024,Naturalized citizen,54,554241,82618,0.14906511788193222
2024,Naturalized citizen,55,541097,74686,0.13802700809651505
2024,Naturalized citizen,56,532328,76894,0.1444485354893975
2024,Naturalized citizen,57,541021,77021,0.14236231125963686
2024,Naturalized citizen,58,532124,85641,0.16094181055543444
2024,Naturalized citizen,59,530624,91119,0.171720464962007
2024,Naturalized citizen,60,559151,89729,0.16047364665358732
2024,Naturalized citizen,61,525748,90508,0.17215091640862162
2024,Naturalized citizen,62,513058,92045,0.17940466769838886
2024,Naturalized citizen,63,495559,94836,0.19137176400791833
2024,Naturalized citizen,64,481686,96254,0.1998272733689582
2024,Naturalized citizen,65,464396,85701,0.18454293318633236
2024,Naturalized citizen,66,453584,89645,0.19763704187096548
2024,Naturalized citizen,67,433224,86581,0.19985273207393867
2024,Naturalized citizen,68,433452,93407,0.21549560274263355
2024,Naturalized citizen,69,413300,85598,0.20710863779337044
2024,Naturalized citizen,70,397933,93650,0.23534112526480588
2024,Naturalized citizen,71,369495,85165,0.23049026373834558
2024,Naturalized citizen,72,340411,85007,0.24971872236796108
2024,Naturalized citizen,73,337502,84968,0.251755545152325
2024,Naturalized citizen,74,326662,89633,0.27439065456037126
2024,Naturalized citizen,75,309693,79658,0.25721601715247033
2024,Naturalized citizen,76,308647,84633,0.27420645591889764
2024,Naturalized citizen,77,287743,80634,0.28022923233579966
2024,Naturalized citizen,78,242673,69825,0.2877328751035344
2024,Naturalized citizen,79,221293,64515,0.2915365601261676
2024,Naturalized citizen,80,211016,63109,0.29907210827614966
2024,Naturalized citizen,81,182126,61598,0.3382163996354172
2024,Naturalized citizen,82,181634,58189,0.320364028761135
2024,Naturalized citizen,83,164507,53647,0.326107703623554
2024,Naturalized citizen,84,147636,53069,0.35945839768078247
2024,Naturalized citizen,85,136975,47475,0.34659609417776965
2024,Naturalized citizen,86,125637,45481,0.36200323153211234
2024,Naturalized citizen,87,101891,37712,0.3701210116693329
2024,Naturalized citizen,88,89001,33777,0.3795125897461826
2024,Naturalized citizen,89,73626,26146,0.35511911552984
2024,Naturalized citizen,90,49641,18744,0.3775911041276364
2024,Naturalized citizen,91,20415,7829,0.3834925300024492
2024,Naturalized citizen,92,28186,12819,0.4548002554459661
2024,Naturalized citizen,93,27352,9076,0.33182217022521204
2024,Naturalized citizen,94,98712,40158,0.40681983953318746
2024,Naturalized citizen,95,75316,33989,0.45128525147379045
2024,Naturalized citizen,96,1537,890,0.5790500975927131
2024,Undocumented,0,25064.20575,4550.8785,0.1815688294850516
2024,Undocumented,1,25676.52371875,5465.6741875,0.21286659546941517
2024,Undocumented,2,39472.97846578125,9247.35087453125,0.23427041064427634
2024,Undocumented,3,55575.22017751172,12423.93405140625,0.22355168385699967
2024,Undocumented,4,61130.630934988476,10548.82284423047,0.17256198215014315
2024,Undocumented,5,67309.20340897235,17204.995590755283,0.25561133870827907
2024,Undocumented,6,74268.89634315106,16790.16853095584,0.22607268126590654
2024,Undocumented,7,86530.09298666676,20866.975010663253,0.24115280927617402
2024,Undocumented,8,96405.41862390724,21726.002309624164,0.2253608004585378
2024,Undocumented,9,89220.01823180178,16978.529033375366,0.190299546781795
2024,Undocumented,10,104908.45513771314,21495.416781890686,0.20489689561888688
2024,Undocumented,11,108797.31750068371,23672.555273854374,0.21758399763583886
2024,Undocumented,12,108587.70572494948,22304.97531412718,0.2054097668351631
2024,Undocumented,13,101427.83639349314,18978.783732198623,0.18711612518845133
2024,Undocumented,14,107660.11058964983,28349.987049509007,0.263328607914643
2024,Undocumented,15,107638.45117350982,21483.930198436014,0.1995934534937203
2024,Undocumented,16,118544.32823601505,23331.76457484949,0.1968189024480131
2024,Undocumented,17,122813.72571269723,20261.76129895002,0.16497961592948593
2024,Undocumented,18,153534.696263245,24810.5604290999,0.16159578930980278
2024,Undocumented,19,187471.92911261416,11203.084955061613,0.059758732990537126
2024,Undocumented,20,207783.6012766682,14670.540066555866,0.0706048984444241
2024,Undocumented,21,208370.79433061584,14442.00351558257,0.0693091542026176
2024,Undocumented,22,219840.36680505052,17249.08336861021,0.0784618567522056
2024,Undocumented,23,242643.2543537015,17105.271267105796,0.07049555658436485
2024,Undocumented,24,262626.9776679064,12871.172298867677,0.04900933031770774
2024,Undocumented,25,271623.63828990224,13448.665918724977,0.049512133787013406
2024,Undocumented,26,261268.17797554604,17007.07901055811,0.06509433771207271
2024,Undocumented,27,276205.03068388713,17905.992340472854,0.06482862493900778
2024,Undocumented,28,292423.3930052801,21561.587621386818,0.07373414076006393
2024,Undocumented,29,261138.09140967362,21496.293723617317,0.08231772548989766
2024,Undocumented,30,316419.4444533881,20729.716240264694,0.06551340824226243
2024,Undocumented,31,270275.7116703931,18647.385157868157,0.06899393601674808
2024,Undocumented,32,282900.40508101473,19900.036568846917,0.07034290588289581
2024,Undocumented,33,291623.5229143332,21899.15788071673,0.07509393502234656
2024,Undocumented,34,280211.02081348037,22293.2212582642,0.07955868828265486
2024,Undocumented,35,327110.2969462292,26134.21614097423,0.07989420200144359
2024,Undocumented,36,306499.77659230237,22656.242513845842,0.07391927904724889
2024,Undocumented,37,294410.68556544237,25116.93198002038,0.08531256918131569
2024,Undocumented,38,317749.18134686624,29920.621527294497,0.09416427573618856
2024,Undocumented,39,307538.44889029226,30194.189469992623,0.0981802099182849
2024,Undocumented,40,347654.9416367569,33612.9577396126,0.09668482657362223
2024,Undocumented,41,299387.7920213557,30433.242854791857,0.10165158254890037
2024,Undocumented,42,311655.01006263314,35321.02577516933,0.11333373324584411
2024,Undocumented,43,301754.5881922553,34465.17217162184,0.11421590100119117
2024,Undocumented,44,310966.02619571664,28870.930516266657,0.09284271619464884
2024,Undocumented,45,293722.9201209392,35418.08234883999,0.1205833114224002
2024,Undocumented,46,280584.8033703909,33384.21797071177,0.11898084846256746
2024,Undocumented,47,279691.5568192264,32842.61205908527,0.11742439576147985
2024,Undocumented,48,261205.31869019906,30352.255262418377,0.11620075507887143
2024,Undocumented,49,267942.90285430144,28506.901016067703,0.10639170029283747
2024,Undocumented,50,272488.95992466697,30746.67094664267,0.11283639144552123
2024,Undocumented,51,238301.45937522114,31343.90894777973,0.13153049515499068
2024,Undocumented,52,217541.56719806558,29104.598553312462,0.13378867739246142
2024,Undocumented,53,224618.5562272853,24179.197593778572,0.1076455925988248
2024,Undocumented,54,197131.78913427395,22965.64250644643,0.11649893001683083
2024,Undocumented,55,180872.30231834666,23918.897900822216,0.13224190544511036
2024,Undocumented,56,165037.3630482338,23820.874023198627,0.14433624958147653
2024,Undocumented,57,153905.06539380914,21813.32511810712,0.1417323404027777
2024,Undocumented,58,140519.45232341948,16182.84504660484,0.11516444719239592
2024,Undocumented,59,132695.9044714289,17062.961765573942,0.12858695099552084
2024,Undocumented,60,135762.34411396045,18493.31722633601,0.13621831110114385
2024,Undocumented,61,119166.20769028316,16109.516043477603,0.13518527068803562
2024,Undocumented,62,101454.01046687282,14077.712458177513,0.13875954625543588
2024,Undocumented,63,83864.23882766276,12179.249225622087,0.14522577675390216
2024,Undocumented,64,81687.95219860568,12834.011554456814,0.1571102128163751
2024,Undocumented,65,44777.18316021143,0,0
2024,Undocumented,66,37789.919480716955,0,0
2024,Undocumented,67,32173.98008556051,0,0
2024,Undocumented,68,33232.05618353914,0,0
2024,Undocumented,69,28869.129444298396,0,0
2024,Undocumented,70,26191.942343966184,0,0
2024,Undocumented,71,19206.564683098033,0,0
2024,Undocumented,72,20537.944270482807,0,0
2024,Undocumented,73,19338.71418291995,0,0
2024,Undocumented,74,13462.78948544605,0,0
2024,Undocumented,75,15027.362052446337,0,0
2024,Undocumented,76,14547.22627106988,0,0
2024,Undocumented,77,9647.559279787034,0,0
2024,Undocumented,78,8877.13602989724,0,0
2024,Undocumented,79,6470.011291331542,0,0
2024,Undocumented,80,7483.254975682921,0,0
2024,Undocumented,81,4874.096646438165,0,0
2024,Undocumented,82,5097.756112927132,0,0
2024,Undocumented,83,4756.157402704999,0,0
2024,Undocumented,84,3426.990950363096,0,0
2024,Undocumented,85,4876.4953803792805,0,0
2024,Undocumented,86,4714.663283914459,0,0
2024,Undocumented,87,3104.3236378746974,0,0
2024,Undocumented,88,3532.9495051774365,0,0
2024,Undocumented,89,1177.920836569975,0,0
2024,Undocumented,90,964.5826405619943,0,0
2024,Undocumented,91,349.8915846976658,0,0
2024,Undocumented,92,2856.327429564085,0,0
2024,Undocumented,93,647.8428723264171,0,0
2024,Undocumented,94,2000.2589810198758,0,0
2024,Undocumented,95,2106.9871121927495,0,0
